date,store_id,transaction_count
2026-01-11,2,1958
2026-01-11,3,3613
2026-01-11,6,2146
2026-01-11,7,1543
2026-01-11,8,2706
2026-01-11,9,2187
2026-01-11,11,2627
2026-01-11,20,2131
2026-01-11,24,1743
2026-01-11,27,1987
2026-01-11,39,1648
2026-01-11,40,1230
2026-01-11,44,5305
2026-01-11,45,4691
2026-01-11,46,4834
2026-01-11,47,4983
2026-01-11,48,4174
2026-01-11,49,3578
2026-01-11,50,3167
2026-01-11,51,1856
2026-01-12,2,1805
2026-01-12,3,2977
2026-01-12,6,1771
2026-01-12,7,1958
2026-01-12,8,2677
2026-01-12,9,2073
2026-01-12,11,2132
2026-01-12,20,1374
2026-01-12,24,2087
2026-01-12,27,1351
2026-01-12,39,1302
2026-01-12,40,1473
2026-01-12,44,4115
2026-01-12,45,3497
2026-01-12,46,3281
2026-01-12,47,3728
2026-01-12,48,2695
2026-01-12,49,2835
2026-01-12,50,2286
2026-01-12,51,1430
2026-01-13,2,1765
2026-01-13,3,2767
2026-01-13,6,1555
2026-01-13,7,1847
2026-01-13,8,2473
2026-01-13,9,1921
2026-01-13,11,2303
2026-01-13,20,1361
2026-01-13,24,2139
2026-01-13,27,1513
2026-01-13,39,1332
2026-01-13,40,1420
2026-01-13,44,3899
2026-01-13,45,3218
2026-01-13,46,2816
2026-01-13,47,3406
2026-01-13,48,2354
2026-01-13,49,2710
2026-01-13,50,2216
2026-01-13,51,1489
2026-01-14,2,1794
2026-01-14,3,3009
2026-01-14,6,1658
2026-01-14,7,1829
2026-01-14,8,2776
2026-01-14,9,1810
2026-01-14,11,1904
2026-01-14,20,1159
2026-01-14,24,2215
2026-01-14,27,1654
2026-01-14,39,1201
2026-01-14,40,1327
2026-01-14,44,4271
2026-01-14,45,3402
2026-01-14,46,2991
2026-01-14,47,3496
2026-01-14,48,2358
2026-01-14,49,2893
2026-01-14,50,2168
2026-01-14,51,1732
2026-01-15,2,1721
2026-01-15,3,2669
2026-01-15,6,1473
2026-01-15,7,1709
2026-01-15,8,2514
2026-01-15,9,1808
2026-01-15,11,1906
2026-01-15,20,1206
2026-01-15,24,2089
2026-01-15,27,1324
2026-01-15,39,1119
2026-01-15,40,1259
2026-01-15,44,3838
2026-01-15,45,3073
2026-01-15,46,2755
2026-01-15,47,3163
2026-01-15,48,2403
2026-01-15,49,2668
2026-01-15,50,2076
2026-01-15,51,1408
2026-01-16,2,2049
2026-01-16,3,3273
2026-01-16,6,1775
2026-01-16,7,1942
2026-01-16,8,2922
2026-01-16,9,1790
2026-01-16,11,1886
2026-01-16,20,1186
2026-01-16,24,2356
2026-01-16,27,1471
2026-01-16,39,1281
2026-01-16,40,1294
2026-01-16,44,4550
2026-01-16,45,3810
2026-01-16,46,3215
2026-01-16,47,3724
2026-01-16,48,2596
2026-01-16,49,3301
2026-01-16,50,2489
2026-01-16,51,1846
2026-01-17,2,2153
2026-01-17,3,3777
2026-01-17,6,2195
2026-01-17,7,1902
2026-01-17,8,3034
2026-01-17,9,2327
2026-01-17,11,2290
2026-01-17,20,1803
2026-01-17,24,1998
2026-01-17,27,1780
2026-01-17,39,1752
2026-01-17,40,1395
2026-01-17,44,5168
2026-01-17,45,4549
2026-01-17,46,4450
2026-01-17,47,4796
2026-01-17,48,3852
2026-01-17,49,3631
2026-01-17,50,3270
2026-01-17,51,1705
2026-01-18,2,1936
2026-01-18,3,3738
2026-01-18,6,2193
2026-01-18,7,1635
2026-01-18,8,2773
2026-01-18,9,2256
2026-01-18,11,2655
2026-01-18,20,2122
2026-01-18,24,1827
2026-01-18,27,1990
2026-01-18,39,1633
2026-01-18,40,1134
2026-01-18,44,5459
2026-01-18,45,4529
2026-01-18,46,4530
2026-01-18,47,4854
2026-01-18,48,4138
2026-01-18,49,3653
2026-01-18,50,3086
2026-01-18,51,1823
2026-01-19,2,1826
2026-01-19,3,3040
2026-01-19,6,1690
2026-01-19,7,1829
2026-01-19,8,2738
2026-01-19,9,2078
2026-01-19,11,2139
2026-01-19,20,1294
2026-01-19,24,2187
2026-01-19,27,1523
2026-01-19,39,1349
2026-01-19,40,1457
2026-01-19,44,4063
2026-01-19,45,3502
2026-01-19,46,3080
2026-01-19,47,3679
2026-01-19,48,2565
2026-01-19,49,2944
2026-01-19,50,2203
2026-01-19,51,1561
2026-01-20,2,1694
2026-01-20,3,2744
2026-01-20,6,1575
2026-01-20,7,1788
2026-01-20,8,2487
2026-01-20,9,1964
2026-01-20,11,2043
2026-01-20,20,1275
2026-01-20,24,2095
2026-01-20,27,1498
2026-01-20,39,1372
2026-01-20,40,1504
2026-01-20,44,3787
2026-01-20,45,3171
2026-01-20,46,2809
2026-01-20,47,3341
2026-01-20,48,2354
2026-01-20,49,2573
2026-01-20,50,2075
2026-01-20,51,1600
2026-01-21,2,1851
2026-01-21,3,3030
2026-01-21,6,1716
2026-01-21,7,2027
2026-01-21,8,2760
2026-01-21,9,1871
2026-01-21,11,1989
2026-01-21,20,1255
2026-01-21,24,2246
2026-01-21,27,1617
2026-01-21,39,1263
2026-01-21,40,1283
2026-01-21,44,4237
2026-01-21,45,3300
2026-01-21,46,2872
2026-01-21,47,3533
2026-01-21,48,2379
2026-01-21,49,2882
2026-01-21,50,2107
2026-01-21,51,1750
2026-01-22,2,1694
2026-01-22,3,2632
2026-01-22,6,1487
2026-01-22,7,1731
2026-01-22,8,2430
2026-01-22,9,1744
2026-01-22,11,1841
2026-01-22,20,1261
2026-01-22,24,2113
2026-01-22,27,1406
2026-01-22,39,1182
2026-01-22,40,1225
2026-01-22,44,3470
2026-01-22,45,3023
2026-01-22,46,2576
2026-01-22,47,3074
2026-01-22,48,2163
2026-01-22,49,2500
2026-01-22,50,1909
2026-01-22,51,1373
2026-01-23,2,1616
2026-01-23,3,2978
2026-01-23,6,1410
2026-01-23,7,1767
2026-01-23,8,2675
2026-01-23,9,1584
2026-01-23,11,1831
2026-01-23,20,992
2026-01-23,24,2336
2026-01-23,27,1537
2026-01-23,39,1269
2026-01-23,40,1308
2026-01-23,44,3997
2026-01-23,45,3733
2026-01-23,46,3039
2026-01-23,47,3686
2026-01-23,48,2389
2026-01-23,49,3191
2026-01-23,50,2297
2026-01-23,51,1725
2026-01-24,2,2212
2026-01-24,3,3920
2026-01-24,6,2208
2026-01-24,7,1836
2026-01-24,8,3176
2026-01-24,9,2370
2026-01-24,11,2534
2026-01-24,20,1652
2026-01-24,24,2284
2026-01-24,27,1853
2026-01-24,39,1659
2026-01-24,40,1417
2026-01-24,44,5486
2026-01-24,45,4666
2026-01-24,46,4511
2026-01-24,47,4874
2026-01-24,48,3880
2026-01-24,49,3739
2026-01-24,50,3204
2026-01-24,51,1656
2026-01-25,2,2179
2026-01-25,3,3826
2026-01-25,6,2187
2026-01-25,7,1691
2026-01-25,8,2901
2026-01-25,9,2187
2026-01-25,11,2640
2026-01-25,20,2234
2026-01-25,24,1706
2026-01-25,27,2032
2026-01-25,39,1519
2026-01-25,40,1193
2026-01-25,44,5286
2026-01-25,45,4513
2026-01-25,46,4669
2026-01-25,47,4872
2026-01-25,48,4221
2026-01-25,49,3625
2026-01-25,50,2956
2026-01-25,51,1772
2026-01-26,2,1901
2026-01-26,3,3000
2026-01-26,6,1755
2026-01-26,7,1931
2026-01-26,8,2608
2026-01-26,9,1985
2026-01-26,11,2127
2026-01-26,20,1335
2026-01-26,24,2204
2026-01-26,27,1568
2026-01-26,39,1299
2026-01-26,40,1456
2026-01-26,44,3982
2026-01-26,45,3414
2026-01-26,46,3067
2026-01-26,47,3553
2026-01-26,48,2553
2026-01-26,49,2816
2026-01-26,50,2248
2026-01-26,51,1500
2026-01-27,2,1832
2026-01-27,3,2748
2026-01-27,6,1567
2026-01-27,7,1831
2026-01-27,8,2509
2026-01-27,9,1839
2026-01-27,11,1966
2026-01-27,20,1374
2026-01-27,24,2007
2026-01-27,27,1527
2026-01-27,39,1311
2026-01-27,40,1494
2026-01-27,44,3637
2026-01-27,45,3115
2026-01-27,46,2725
2026-01-27,47,3110
2026-01-27,48,2121
2026-01-27,49,2507
2026-01-27,50,2106
2026-01-27,51,1399
2026-01-28,2,1947
2026-01-28,3,3026
2026-01-28,6,1629
2026-01-28,7,1984
2026-01-28,8,2673
2026-01-28,9,1763
2026-01-28,11,1937
2026-01-28,20,1287
2026-01-28,24,2115
2026-01-28,27,1627
2026-01-28,39,1159
2026-01-28,40,1228
2026-01-28,44,3994
2026-01-28,45,3246
2026-01-28,46,2817
2026-01-28,47,3287
2026-01-28,48,2201
2026-01-28,49,2791
2026-01-28,50,2021
2026-01-28,51,1576
2026-01-29,2,1608
2026-01-29,3,2699
2026-01-29,6,1451
2026-01-29,7,1745
2026-01-29,8,2314
2026-01-29,9,1660
2026-01-29,11,1880
2026-01-29,20,1229
2026-01-29,24,1900
2026-01-29,27,1345
2026-01-29,39,1163
2026-01-29,40,1165
2026-01-29,44,3663
2026-01-29,45,2749
2026-01-29,46,2494
2026-01-29,47,3063
2026-01-29,48,2101
2026-01-29,49,2395
2026-01-29,50,1901
2026-01-29,51,1350
2026-01-30,2,1952
2026-01-30,3,3263
2026-01-30,6,1790
2026-01-30,7,2051
2026-01-30,8,2787
2026-01-30,9,1718
2026-01-30,11,1932
2026-01-30,20,1211
2026-01-30,24,2327
2026-01-30,27,1581
2026-01-30,39,1188
2026-01-30,40,1305
2026-01-30,44,4619
2026-01-30,45,3643
2026-01-30,46,2997
2026-01-30,47,3599
2026-01-30,48,2432
2026-01-30,49,3080
2026-01-30,50,2324
2026-01-30,51,1724
2026-01-31,2,2044
2026-01-31,3,3603
2026-01-31,6,2049
2026-01-31,7,1890
2026-01-31,8,2842
2026-01-31,9,2150
2026-01-31,11,2267
2026-01-31,20,1584
2026-01-31,24,2177
2026-01-31,27,1835
2026-01-31,39,1687
2026-01-31,40,1420
2026-01-31,44,5224
2026-01-31,45,4390
2026-01-31,46,4244
2026-01-31,47,4514
2026-01-31,48,3490
2026-01-31,49,3363
2026-01-31,50,3112
2026-01-31,51,1625
2026-02-01,2,1947
2026-02-01,3,3406
2026-02-01,6,2091
2026-02-01,7,1631
2026-02-01,8,2600
2026-02-01,9,2129
2026-02-01,11,2361
2026-02-01,20,1914
2026-02-01,24,1625
2026-02-01,27,1835
2026-02-01,39,1546
2026-02-01,40,1144
2026-02-01,44,4946
2026-02-01,45,4351
2026-02-01,46,4242
2026-02-01,47,4390
2026-02-01,48,3779
2026-02-01,49,3263
2026-02-01,50,2883
2026-02-01,51,1665
2026-02-02,2,1637
2026-02-02,3,2671
2026-02-02,6,1498
2026-02-02,7,1768
2026-02-02,8,2354
2026-02-02,9,1776
2026-02-02,11,1921
2026-02-02,20,1102
2026-02-02,24,1921
2026-02-02,27,1316
2026-02-02,39,1281
2026-02-02,40,1402
2026-02-02,44,3592
2026-02-02,45,3118
2026-02-02,46,2752
2026-02-02,47,3361
2026-02-02,48,2341
2026-02-02,49,2663
2026-02-02,50,2120
2026-02-02,51,1429
2026-02-03,2,1817
2026-02-03,3,2938
2026-02-03,6,1584
2026-02-03,7,1729
2026-02-03,8,2537
2026-02-03,9,2060
2026-02-03,11,2020
2026-02-03,20,1453
2026-02-03,24,2280
2026-02-03,27,1515
2026-02-03,39,1377
2026-02-03,40,1577
2026-02-03,44,3833
2026-02-03,45,3272
2026-02-03,46,2873
2026-02-03,47,3276
2026-02-03,48,2350
2026-02-03,49,2680
2026-02-03,50,2158
2026-02-03,51,1448
2026-02-04,2,2083
2026-02-04,3,3347
2026-02-04,6,1738
2026-02-04,7,1931
2026-02-04,8,2848
2026-02-04,9,2184
2026-02-04,11,2248
2026-02-04,20,1469
2026-02-04,24,2309
2026-02-04,27,1621
2026-02-04,39,1243
2026-02-04,40,1445
2026-02-04,44,4562
2026-02-04,45,3755
2026-02-04,46,3294
2026-02-04,47,3799
2026-02-04,48,2725
2026-02-04,49,3136
2026-02-04,50,2333
2026-02-04,51,1758
2026-02-05,2,1898
2026-02-05,3,2890
2026-02-05,6,1683
2026-02-05,7,1901
2026-02-05,8,2529
2026-02-05,9,2133
2026-02-05,11,2432
2026-02-05,20,1365
2026-02-05,24,2210
2026-02-05,27,1453
2026-02-05,39,1293
2026-02-05,40,1452
2026-02-05,44,3917
2026-02-05,45,3407
2026-02-05,46,2987
2026-02-05,47,3752
2026-02-05,48,2605
2026-02-05,49,2759
2026-02-05,50,2195
2026-02-05,51,1534
2026-02-06,2,1965
2026-02-06,3,3428
2026-02-06,6,1839
2026-02-06,7,2026
2026-02-06,8,2980
2026-02-06,9,1919
2026-02-06,11,2263
2026-02-06,20,1322
2026-02-06,24,2379
2026-02-06,27,1537
2026-02-06,39,1401
2026-02-06,40,1392
2026-02-06,44,4569
2026-02-06,45,4210
2026-02-06,46,3499
2026-02-06,47,3990
2026-02-06,48,2918
2026-02-06,49,3237
2026-02-06,50,2524
2026-02-06,51,1730
2026-02-07,2,2066
2026-02-07,3,3757
2026-02-07,6,2181
2026-02-07,7,1833
2026-02-07,8,3144
2026-02-07,9,2440
2026-02-07,11,2726
2026-02-07,20,2015
2026-02-07,24,2308
2026-02-07,27,1904
2026-02-07,39,1741
2026-02-07,40,1473
2026-02-07,44,5381
2026-02-07,45,4829
2026-02-07,46,4755
2026-02-07,47,4930
2026-02-07,48,4185
2026-02-07,49,3705
2026-02-07,50,3207
2026-02-07,51,1837
2026-02-08,2,1960
2026-02-08,3,3675
2026-02-08,6,2120
2026-02-08,7,1669
2026-02-08,8,2751
2026-02-08,9,2203
2026-02-08,11,2874
2026-02-08,20,2089
2026-02-08,24,1763
2026-02-08,27,2008
2026-02-08,39,1529
2026-02-08,40,1288
2026-02-08,44,5316
2026-02-08,45,4517
2026-02-08,46,4584
2026-02-08,47,4813
2026-02-08,48,4216
2026-02-08,49,3474
2026-02-08,50,3067
2026-02-08,51,1802
2026-02-09,2,1812
2026-02-09,3,3054
2026-02-09,6,1726
2026-02-09,7,1820
2026-02-09,8,2696
2026-02-09,9,2048
2026-02-09,11,2457
2026-02-09,20,1314
2026-02-09,24,2222
2026-02-09,27,1503
2026-02-09,39,1323
2026-02-09,40,1579
2026-02-09,44,3866
2026-02-09,45,3748
2026-02-09,46,3207
2026-02-09,47,3730
2026-02-09,48,2744
2026-02-09,49,2832
2026-02-09,50,2437
2026-02-09,51,1438
2026-02-10,2,1735
2026-02-10,3,2964
2026-02-10,6,1623
2026-02-10,7,1755
2026-02-10,8,2637
2026-02-10,9,2149
2026-02-10,11,2294
2026-02-10,20,1414
2026-02-10,24,2165
2026-02-10,27,1433
2026-02-10,39,1447
2026-02-10,40,1554
2026-02-10,44,3868
2026-02-10,45,3470
2026-02-10,46,2970
2026-02-10,47,3470
2026-02-10,48,2562
2026-02-10,49,2727
2026-02-10,50,2662
2026-02-10,51,1393
2026-02-11,2,1853
2026-02-11,3,3098
2026-02-11,6,1621
2026-02-11,7,1896
2026-02-11,8,2862
2026-02-11,9,1907
2026-02-11,11,2261
2026-02-11,20,1359
2026-02-11,24,2266
2026-02-11,27,1491
2026-02-11,39,1270
2026-02-11,40,1415
2026-02-11,44,4581
2026-02-11,45,3678
2026-02-11,46,3311
2026-02-11,47,3936
2026-02-11,48,2757
2026-02-11,49,2953
2026-02-11,50,2443
2026-02-11,51,1592
2026-02-12,2,1615
2026-02-12,3,2980
2026-02-12,6,1460
2026-02-12,7,1719
2026-02-12,8,2564
2026-02-12,9,1871
2026-02-12,11,2066
2026-02-12,20,1380
2026-02-12,24,2120
2026-02-12,27,1459
2026-02-12,39,1308
2026-02-12,40,1275
2026-02-12,44,3956
2026-02-12,45,3349
2026-02-12,46,2868
2026-02-12,47,3313
2026-02-12,48,2326
2026-02-12,49,2620
2026-02-12,50,2123
2026-02-12,51,1282
2026-02-13,2,1892
2026-02-13,3,3345
2026-02-13,6,1760
2026-02-13,7,2053
2026-02-13,8,3002
2026-02-13,9,1904
2026-02-13,11,2286
2026-02-13,20,1229
2026-02-13,24,2334
2026-02-13,27,1641
2026-02-13,39,1348
2026-02-13,40,1363
2026-02-13,44,4772
2026-02-13,45,4226
2026-02-13,46,3303
2026-02-13,47,3762
2026-02-13,48,2694
2026-02-13,49,3157
2026-02-13,50,2595
2026-02-13,51,1832
2026-02-14,2,2033
2026-02-14,3,3524
2026-02-14,6,2073
2026-02-14,7,1860
2026-02-14,8,2841
2026-02-14,9,2166
2026-02-14,11,2573
2026-02-14,20,1698
2026-02-14,24,2205
2026-02-14,27,1892
2026-02-14,39,1547
2026-02-14,40,1444
2026-02-14,44,5066
2026-02-14,45,4470
2026-02-14,46,4165
2026-02-14,47,4366
2026-02-14,48,3539
2026-02-14,49,3292
2026-02-14,50,3172
2026-02-14,51,1738
2026-02-15,2,1948
2026-02-15,3,3484
2026-02-15,6,2079
2026-02-15,7,1580
2026-02-15,8,2695
2026-02-15,9,2134
2026-02-15,11,2690
2026-02-15,20,2027
2026-02-15,24,1750
2026-02-15,27,1959
2026-02-15,39,1507
2026-02-15,40,1146
2026-02-15,44,4949
2026-02-15,45,4433
2026-02-15,46,4173
2026-02-15,47,4532
2026-02-15,48,3977
2026-02-15,49,3355
2026-02-15,50,2938
2026-02-15,51,1670
2026-02-16,2,2150
2026-02-16,3,3256
2026-02-16,6,1819
2026-02-16,7,2137
2026-02-16,8,2978
2026-02-16,9,2199
2026-02-16,11,2459
2026-02-16,20,1604
2026-02-16,24,2333
2026-02-16,27,1712
2026-02-16,39,1429
2026-02-16,40,1644
2026-02-16,44,4538
2026-02-16,45,4335
2026-02-16,46,3511
2026-02-16,47,4152
2026-02-16,48,2887
2026-02-16,49,3320
2026-02-16,50,2853
2026-02-16,51,1655
2026-02-17,2,2137
2026-02-17,3,3273
2026-02-17,6,1997
2026-02-17,7,2198
2026-02-17,8,2915
2026-02-17,9,2395
2026-02-17,11,2633
2026-02-17,20,1540
2026-02-17,24,2612
2026-02-17,27,1789
2026-02-17,39,1496
2026-02-17,40,1726
2026-02-17,44,4229
2026-02-17,45,3884
2026-02-17,46,3753
2026-02-17,47,3884
2026-02-17,48,3094
2026-02-17,49,3118
2026-02-17,50,2791
2026-02-17,51,1815
2026-02-18,2,1813
2026-02-18,3,2967
2026-02-18,6,1673
2026-02-18,7,1881
2026-02-18,8,2768
2026-02-18,9,1791
2026-02-18,11,2100
2026-02-18,20,1259
2026-02-18,24,2124
2026-02-18,27,1637
2026-02-18,39,1194
2026-02-18,40,1380
2026-02-18,44,3840
2026-02-18,45,3410
2026-02-18,46,2798
2026-02-18,47,3403
2026-02-18,48,2299
2026-02-18,49,2880
2026-02-18,50,2082
2026-02-18,51,1648
2026-02-19,2,1702
2026-02-19,3,2822
2026-02-19,6,1553
2026-02-19,7,1971
2026-02-19,8,2649
2026-02-19,9,1897
2026-02-19,11,2093
2026-02-19,20,1339
2026-02-19,24,2082
2026-02-19,27,1536
2026-02-19,39,1249
2026-02-19,40,1238
2026-02-19,44,3928
2026-02-19,45,3182
2026-02-19,46,2750
2026-02-19,47,3201
2026-02-19,48,2355
2026-02-19,49,2664
2026-02-19,50,1961
2026-02-19,51,1468
2026-02-20,2,1867
2026-02-20,3,3216
2026-02-20,6,1685
2026-02-20,7,1934
2026-02-20,8,2856
2026-02-20,9,1707
2026-02-20,11,2089
2026-02-20,20,1230
2026-02-20,24,2405
2026-02-20,27,1660
2026-02-20,39,1312
2026-02-20,40,1397
2026-02-20,44,4309
2026-02-20,45,3678
2026-02-20,46,3010
2026-02-20,47,3680
2026-02-20,48,2483
2026-02-20,49,3176
2026-02-20,50,2279
2026-02-20,51,1817
2026-02-21,2,2220
2026-02-21,3,3896
2026-02-21,6,2048
2026-02-21,7,1863
2026-02-21,8,2940
2026-02-21,9,2281
2026-02-21,11,2636
2026-02-21,20,1845
2026-02-21,24,2329
2026-02-21,27,1833
2026-02-21,39,1808
2026-02-21,40,1574
2026-02-21,44,5418
2026-02-21,45,4451
2026-02-21,46,4407
2026-02-21,47,4841
2026-02-21,48,3884
2026-02-21,49,3536
2026-02-21,50,3250
2026-02-21,51,1783
2026-02-22,2,1833
2026-02-22,3,3096
2026-02-22,6,1935
2026-02-22,7,1546
2026-02-22,8,2220
2026-02-22,9,1806
2026-02-22,11,2655
2026-02-22,20,1778
2026-02-22,24,1232
2026-02-22,27,1695
2026-02-22,39,1341
2026-02-22,40,1155
2026-02-22,44,3986
2026-02-22,45,3302
2026-02-22,46,3506
2026-02-22,47,3816
2026-02-22,48,3153
2026-02-22,49,2431
2026-02-22,50,2627
2026-02-22,51,1251
2026-02-23,2,1744
2026-02-23,3,2750
2026-02-23,6,1706
2026-02-23,7,1835
2026-02-23,8,2390
2026-02-23,9,1912
2026-02-23,11,2172
2026-02-23,20,1301
2026-02-23,24,2156
2026-02-23,27,1606
2026-02-23,39,1265
2026-02-23,40,1381
2026-02-23,44,3018
2026-02-23,45,3349
2026-02-23,46,3038
2026-02-23,47,3576
2026-02-23,48,2454
2026-02-23,49,2641
2026-02-23,50,2180
2026-02-23,51,1467
2026-02-24,2,1764
2026-02-24,3,2894
2026-02-24,6,1613
2026-02-24,7,1812
2026-02-24,8,2465
2026-02-24,9,2001
2026-02-24,11,2136
2026-02-24,20,1311
2026-02-24,24,2106
2026-02-24,27,1495
2026-02-24,39,1399
2026-02-24,40,1351
2026-02-24,44,3371
2026-02-24,45,3278
2026-02-24,46,2929
2026-02-24,47,3247
2026-02-24,48,2280
2026-02-24,49,2579
2026-02-24,50,2182
2026-02-24,51,1361
2026-02-25,2,1846
2026-02-25,3,2841
2026-02-25,6,1696
2026-02-25,7,1925
2026-02-25,8,2659
2026-02-25,9,1746
2026-02-25,11,1944
2026-02-25,20,1191
2026-02-25,24,2192
2026-02-25,27,1588
2026-02-25,39,1251
2026-02-25,40,1305
2026-02-25,44,3834
2026-02-25,45,3359
2026-02-25,46,2838
2026-02-25,47,3399
2026-02-25,48,2330
2026-02-25,49,2768
2026-02-25,50,1976
2026-02-25,51,1501
2026-02-26,2,1749
2026-02-26,3,2826
2026-02-26,6,1704
2026-02-26,7,1957
2026-02-26,8,2650
2026-02-26,9,1892
2026-02-26,11,2122
2026-02-26,20,1543
2026-02-26,24,2180
2026-02-26,27,1495
2026-02-26,39,1383
2026-02-26,40,1354
2026-02-26,44,3955
2026-02-26,45,3486
2026-02-26,46,3015
2026-02-26,47,3401
2026-02-26,48,2461
2026-02-26,49,2693
2026-02-26,50,2163
2026-02-26,51,1480
2026-02-27,2,1888
2026-02-27,3,3307
2026-02-27,6,1824
2026-02-27,7,1979
2026-02-27,8,3006
2026-02-27,9,1931
2026-02-27,11,2073
2026-02-27,20,1245
2026-02-27,24,2445
2026-02-27,27,1610
2026-02-27,39,1611
2026-02-27,40,1402
2026-02-27,44,4549
2026-02-27,45,3937
2026-02-27,46,3150
2026-02-27,47,3903
2026-02-27,48,2723
2026-02-27,49,3239
2026-02-27,50,2399
2026-02-27,51,1784
2026-02-28,2,1810
2026-02-28,3,3375
2026-02-28,6,1975
2026-02-28,7,1750
2026-02-28,8,2679
2026-02-28,9,2262
2026-02-28,11,2522
2026-02-28,20,1691
2026-02-28,24,2171
2026-02-28,27,1864
2026-02-28,39,1783
2026-02-28,40,1489
2026-02-28,44,4619
2026-02-28,45,4514
2026-02-28,46,4210
2026-02-28,47,4477
2026-02-28,48,3639
2026-02-28,49,3312
2026-02-28,50,3036
2026-02-28,51,1745
2026-03-01,2,1435
2026-03-01,3,2789
2026-03-01,6,1530
2026-03-01,7,1343
2026-03-01,8,1966
2026-03-01,9,1740
2026-03-01,11,2278
2026-03-01,20,1579
2026-03-01,24,1357
2026-03-01,27,1712
2026-03-01,39,1123
2026-03-01,40,954
2026-03-01,44,3877
2026-03-01,45,3748
2026-03-01,46,3544
2026-03-01,47,3745
2026-03-01,48,3157
2026-03-01,49,2897
2026-03-01,50,2379
2026-03-01,51,1310
2026-03-02,2,1517
2026-03-02,3,2558
2026-03-02,6,1687
2026-03-02,7,1375
2026-03-02,8,2062
2026-03-02,9,1812
2026-03-02,11,2149
2026-03-02,20,1451
2026-03-02,24,1425
2026-03-02,27,1869
2026-03-02,39,955
2026-03-02,40,880
2026-03-02,44,3961
2026-03-02,45,3901
2026-03-02,46,3764
2026-03-02,47,3824
2026-03-02,48,3273
2026-03-02,49,2959
2026-03-02,50,2539
2026-03-02,51,1392
2026-03-03,2,1875
2026-03-03,3,3154
2026-03-03,6,2003
2026-03-03,7,1633
2026-03-03,8,2503
2026-03-03,9,2171
2026-03-03,11,2321
2026-03-03,20,1946
2026-03-03,24,1699
2026-03-03,27,1910
2026-03-03,39,1458
2026-03-03,40,884
2026-03-03,44,4589
2026-03-03,45,4463
2026-03-03,46,4131
2026-03-03,47,4312
2026-03-03,48,3615
2026-03-03,49,3183
2026-03-03,50,2651
2026-03-03,51,1545
2026-03-04,2,1853
2026-03-04,3,3130
2026-03-04,6,1648
2026-03-04,7,2023
2026-03-04,8,2854
2026-03-04,9,2018
2026-03-04,11,2643
2026-03-04,20,1381
2026-03-04,24,2203
2026-03-04,27,1809
2026-03-04,39,1373
2026-03-04,40,1614
2026-03-04,44,4146
2026-03-04,45,3897
2026-03-04,46,3274
2026-03-04,47,3959
2026-03-04,48,2565
2026-03-04,49,3097
2026-03-04,50,2580
2026-03-04,51,1682
2026-03-05,2,1848
2026-03-05,3,3005
2026-03-05,6,1681
2026-03-05,7,1953
2026-03-05,8,2619
2026-03-05,9,2091
2026-03-05,11,2477
2026-03-05,20,1576
2026-03-05,24,2113
2026-03-05,27,1487
2026-03-05,39,1409
2026-03-05,40,1507
2026-03-05,44,3882
2026-03-05,45,3482
2026-03-05,46,3335
2026-03-05,47,3717
2026-03-05,48,2808
2026-03-05,49,2822
2026-03-05,50,2403
2026-03-05,51,1428
2026-03-06,2,1976
2026-03-06,3,3435
2026-03-06,6,1734
2026-03-06,7,2007
2026-03-06,8,3044
2026-03-06,9,1956
2026-03-06,11,2373
2026-03-06,20,1366
2026-03-06,24,2309
2026-03-06,27,1649
2026-03-06,39,1380
2026-03-06,40,1420
2026-03-06,44,4483
2026-03-06,45,4109
2026-03-06,46,3404
2026-03-06,47,3997
2026-03-06,48,2781
2026-03-06,49,3337
2026-03-06,50,2609
2026-03-06,51,1700
2026-03-07,2,2153
2026-03-07,3,3740
2026-03-07,6,2077
2026-03-07,7,1892
2026-03-07,8,3025
2026-03-07,9,2556
2026-03-07,11,2882
2026-03-07,20,2004
2026-03-07,24,2281
2026-03-07,27,1842
2026-03-07,39,1754
2026-03-07,40,1418
2026-03-07,44,5382
2026-03-07,45,4724
2026-03-07,46,4476
2026-03-07,47,4817
2026-03-07,48,3884
2026-03-07,49,3718
2026-03-07,50,3303
2026-03-07,51,1788
2026-03-08,2,2283
2026-03-08,3,3731
2026-03-08,6,2167
2026-03-08,7,1659
2026-03-08,8,2723
2026-03-08,9,2410
2026-03-08,11,2864
2026-03-08,20,2378
2026-03-08,24,1694
2026-03-08,27,1926
2026-03-08,39,1664
2026-03-08,40,1023
2026-03-08,44,5423
2026-03-08,45,4698
2026-03-08,46,4624
2026-03-08,47,4860
2026-03-08,48,4361
2026-03-08,49,3631
2026-03-08,50,3064
2026-03-08,51,1671
2026-03-09,2,1815
2026-03-09,3,2947
2026-03-09,6,1652
2026-03-09,7,1907
2026-03-09,8,2583
2026-03-09,9,1984
2026-03-09,11,2444
2026-03-09,20,1398
2026-03-09,24,1950
2026-03-09,27,1344
2026-03-09,39,1364
2026-03-09,40,1485
2026-03-09,44,3882
2026-03-09,45,3425
2026-03-09,46,3267
2026-03-09,47,3694
2026-03-09,48,2639
2026-03-09,49,2856
2026-03-09,50,2314
2026-03-09,51,1293
2026-03-10,2,1819
2026-03-10,3,2872
2026-03-10,6,1680
2026-03-10,7,1873
2026-03-10,8,2607
2026-03-10,9,2190
2026-03-10,11,2324
2026-03-10,20,1266
2026-03-10,24,2104
2026-03-10,27,1381
2026-03-10,39,1509
2026-03-10,40,1502
2026-03-10,44,3828
2026-03-10,45,3319
2026-03-10,46,2904
2026-03-10,47,3545
2026-03-10,48,2451
2026-03-10,49,2595
2026-03-10,50,2249
2026-03-10,51,1437
2026-03-11,2,1964
2026-03-11,3,3037
2026-03-11,6,1757
2026-03-11,7,1886
2026-03-11,8,2811
2026-03-11,9,1990
2026-03-11,11,2458
2026-03-11,20,1361
2026-03-11,24,2429
2026-03-11,27,1598
2026-03-11,39,1221
2026-03-11,40,1405
2026-03-11,44,4111
2026-03-11,45,3755
2026-03-11,46,3336
2026-03-11,47,3969
2026-03-11,48,2726
2026-03-11,49,2993
2026-03-11,50,2383
2026-03-11,51,1632
2026-03-12,2,1637
2026-03-12,3,2620
2026-03-12,6,1522
2026-03-12,7,1730
2026-03-12,8,2461
2026-03-12,9,1798
2026-03-12,11,2217
2026-03-12,20,1224
2026-03-12,24,2163
2026-03-12,27,1548
2026-03-12,39,1162
2026-03-12,40,1326
2026-03-12,44,3560
2026-03-12,45,2979
2026-03-12,46,2681
2026-03-12,47,3275
2026-03-12,48,2244
2026-03-12,49,2714
2026-03-12,50,2044
2026-03-12,51,1421
2026-03-13,2,1945
2026-03-13,3,3215
2026-03-13,6,1791
2026-03-13,7,2009
2026-03-13,8,2890
2026-03-13,9,1742
2026-03-13,11,2135
2026-03-13,20,1333
2026-03-13,24,2339
2026-03-13,27,1641
2026-03-13,39,1222
2026-03-13,40,1327
2026-03-13,44,4183
2026-03-13,45,3764
2026-03-13,46,3242
2026-03-13,47,3822
2026-03-13,48,2552
2026-03-13,49,3224
2026-03-13,50,2404
2026-03-13,51,1675
2026-03-14,2,1983
2026-03-14,3,3618
2026-03-14,6,1948
2026-03-14,7,1746
2026-03-14,8,3046
2026-03-14,9,2194
2026-03-14,11,2522
2026-03-14,20,1607
2026-03-14,24,2206
2026-03-14,27,1848
2026-03-14,39,1692
2026-03-14,40,1457
2026-03-14,44,5080
2026-03-14,45,4417
2026-03-14,46,4414
2026-03-14,47,4696
2026-03-14,48,3587
2026-03-14,49,3467
2026-03-14,50,3294
2026-03-14,51,1738
2026-03-15,2,1921
2026-03-15,3,3604
2026-03-15,6,2134
2026-03-15,7,1759
2026-03-15,8,2814
2026-03-15,9,2275
2026-03-15,11,2663
2026-03-15,20,2191
2026-03-15,24,1744
2026-03-15,27,2065
2026-03-15,39,1633
2026-03-15,40,1200
2026-03-15,44,5304
2026-03-15,45,4588
2026-03-15,46,4626
2026-03-15,47,4665
2026-03-15,48,4157
2026-03-15,49,3625
2026-03-15,50,3061
2026-03-15,51,1665
2026-03-16,2,1744
2026-03-16,3,2795
2026-03-16,6,1622
2026-03-16,7,1840
2026-03-16,8,2506
2026-03-16,9,1957
2026-03-16,11,2161
2026-03-16,20,1305
2026-03-16,24,1932
2026-03-16,27,1446
2026-03-16,39,1198
2026-03-16,40,1447
2026-03-16,44,3813
2026-03-16,45,3346
2026-03-16,46,2931
2026-03-16,47,3516
2026-03-16,48,2424
2026-03-16,49,2759
2026-03-16,50,2165
2026-03-16,51,1430
2026-03-17,2,1675
2026-03-17,3,2662
2026-03-17,6,1435
2026-03-17,7,1768
2026-03-17,8,2567
2026-03-17,9,1898
2026-03-17,11,2146
2026-03-17,20,1265
2026-03-17,24,2019
2026-03-17,27,1441
2026-03-17,39,1363
2026-03-17,40,1495
2026-03-17,44,3598
2026-03-17,45,3038
2026-03-17,46,2776
2026-03-17,47,3219
2026-03-17,48,2193
2026-03-17,49,2615
2026-03-17,50,2188
2026-03-17,51,1315
2026-03-18,2,1928
2026-03-18,3,3080
2026-03-18,6,1735
2026-03-18,7,1975
2026-03-18,8,2728
2026-03-18,9,1975
2026-03-18,11,2226
2026-03-18,20,1306
2026-03-18,24,2238
2026-03-18,27,1652
2026-03-18,39,1251
2026-03-18,40,1331
2026-03-18,44,4223
2026-03-18,45,3479
2026-03-18,46,3196
2026-03-18,47,3674
2026-03-18,48,2431
2026-03-18,49,3053
2026-03-18,50,2230
2026-03-18,51,1686
2026-03-19,2,1689
2026-03-19,3,2653
2026-03-19,6,1555
2026-03-19,7,1702
2026-03-19,8,2506
2026-03-19,9,1896
2026-03-19,11,2135
2026-03-19,20,1293
2026-03-19,24,2096
2026-03-19,27,1539
2026-03-19,39,1186
2026-03-19,40,1358
2026-03-19,44,3609
2026-03-19,45,3215
2026-03-19,46,2891
2026-03-19,47,3311
2026-03-19,48,2406
2026-03-19,49,2776
2026-03-19,50,2123
2026-03-19,51,1428
2026-03-20,2,1950
2026-03-20,3,3345
2026-03-20,6,1764
2026-03-20,7,2075
2026-03-20,8,2934
2026-03-20,9,1912
2026-03-20,11,2233
2026-03-20,20,1348
2026-03-20,24,2364
2026-03-20,27,1553
2026-03-20,39,1248
2026-03-20,40,1281
2026-03-20,44,4613
2026-03-20,45,3925
2026-03-20,46,3226
2026-03-20,47,3764
2026-03-20,48,2660
2026-03-20,49,3367
2026-03-20,50,2498
2026-03-20,51,1636
2026-03-21,2,1926
2026-03-21,3,3584
2026-03-21,6,1953
2026-03-21,7,1820
2026-03-21,8,2836
2026-03-21,9,2165
2026-03-21,11,2557
2026-03-21,20,1740
2026-03-21,24,2348
2026-03-21,27,1928
2026-03-21,39,1619
2026-03-21,40,1395
2026-03-21,44,5232
2026-03-21,45,4396
2026-03-21,46,4455
2026-03-21,47,4683
2026-03-21,48,3697
2026-03-21,49,3518
2026-03-21,50,3193
2026-03-21,51,1640
2026-03-22,2,2166
2026-03-22,3,3875
2026-03-22,6,2211
2026-03-22,7,1608
2026-03-22,8,2628
2026-03-22,9,2225
2026-03-22,11,2622
2026-03-22,20,2147
2026-03-22,24,1716
2026-03-22,27,2010
2026-03-22,39,1584
2026-03-22,40,1102
2026-03-22,44,5464
2026-03-22,45,4733
2026-03-22,46,4678
2026-03-22,47,4653
2026-03-22,48,4115
2026-03-22,49,3603
2026-03-22,50,3093
2026-03-22,51,1637
2026-03-23,2,1898
2026-03-23,3,3024
2026-03-23,6,1729
2026-03-23,7,1865
2026-03-23,8,2581
2026-03-23,9,2015
2026-03-23,11,2281
2026-03-23,20,1427
2026-03-23,24,2249
2026-03-23,27,1652
2026-03-23,39,1349
2026-03-23,40,1536
2026-03-23,44,3949
2026-03-23,45,3697
2026-03-23,46,3239
2026-03-23,47,3712
2026-03-23,48,2570
2026-03-23,49,2821
2026-03-23,50,2303
2026-03-23,51,1520
2026-03-24,2,1781
2026-03-24,3,2812
2026-03-24,6,1559
2026-03-24,7,1872
2026-03-24,8,2591
2026-03-24,9,2055
2026-03-24,11,2210
2026-03-24,20,1400
2026-03-24,24,1973
2026-03-24,27,1498
2026-03-24,39,1198
2026-03-24,40,1525
2026-03-24,44,3795
2026-03-24,45,3207
2026-03-24,46,2938
2026-03-24,47,3310
2026-03-24,48,2336
2026-03-24,49,2600
2026-03-24,50,2267
2026-03-24,51,1436
2026-03-25,2,1780
2026-03-25,3,2800
2026-03-25,6,1571
2026-03-25,7,1835
2026-03-25,8,2614
2026-03-25,9,1704
2026-03-25,11,2127
2026-03-25,20,1179
2026-03-25,24,2236
2026-03-25,27,1600
2026-03-25,39,1156
2026-03-25,40,1136
2026-03-25,44,3962
2026-03-25,45,3413
2026-03-25,46,2975
2026-03-25,47,3583
2026-03-25,48,2273
2026-03-25,49,2909
2026-03-25,50,2299
2026-03-25,51,1546
2026-03-26,2,1828
2026-03-26,3,2875
2026-03-26,6,1655
2026-03-26,7,1889
2026-03-26,8,2482
2026-03-26,9,1843
2026-03-26,11,2096
2026-03-26,20,1341
2026-03-26,24,1979
2026-03-26,27,1551
2026-03-26,39,1240
2026-03-26,40,1193
2026-03-26,44,3714
2026-03-26,45,3040
2026-03-26,46,2832
2026-03-26,47,3107
2026-03-26,48,2389
2026-03-26,49,2438
2026-03-26,50,2153
2026-03-26,51,1346
2026-03-27,2,1872
2026-03-27,3,3133
2026-03-27,6,1738
2026-03-27,7,1901
2026-03-27,8,2856
2026-03-27,9,1663
2026-03-27,11,2089
2026-03-27,20,1125
2026-03-27,24,2203
2026-03-27,27,1646
2026-03-27,39,1126
2026-03-27,40,1300
2026-03-27,44,4212
2026-03-27,45,3584
2026-03-27,46,3102
2026-03-27,47,3778
2026-03-27,48,2610
2026-03-27,49,3248
2026-03-27,50,2345
2026-03-27,51,1691
2026-03-28,2,2027
2026-03-28,3,3639
2026-03-28,6,2007
2026-03-28,7,1901
2026-03-28,8,3007
2026-03-28,9,2194
2026-03-28,11,2474
2026-03-28,20,1730
2026-03-28,24,2110
2026-03-28,27,1879
2026-03-28,39,1660
2026-03-28,40,1504
2026-03-28,44,5398
2026-03-28,45,4534
2026-03-28,46,4570
2026-03-28,47,4296
2026-03-28,48,3641
2026-03-28,49,3402
2026-03-28,50,3262
2026-03-28,51,1644
2026-03-29,2,1807
2026-03-29,3,3455
2026-03-29,6,2134
2026-03-29,7,1630
2026-03-29,8,2723
2026-03-29,9,2129
2026-03-29,11,2546
2026-03-29,20,2065
2026-03-29,24,1626
2026-03-29,27,1773
2026-03-29,39,1602
2026-03-29,40,1091
2026-03-29,44,4917
2026-03-29,45,4536
2026-03-29,46,4461
2026-03-29,47,4552
2026-03-29,48,3946
2026-03-29,49,3472
2026-03-29,50,3053
2026-03-29,51,1595
2026-03-30,2,1779
2026-03-30,3,2909
2026-03-30,6,1673
2026-03-30,7,1852
2026-03-30,8,2493
2026-03-30,9,1867
2026-03-30,11,2166
2026-03-30,20,1318
2026-03-30,24,1943
2026-03-30,27,1558
2026-03-30,39,1278
2026-03-30,40,1475
2026-03-30,44,3890
2026-03-30,45,3250
2026-03-30,46,2897
2026-03-30,47,3437
2026-03-30,48,2437
2026-03-30,49,2798
2026-03-30,50,2239
2026-03-30,51,1437
2026-03-31,2,1757
2026-03-31,3,2761
2026-03-31,6,1598
2026-03-31,7,1816
2026-03-31,8,2417
2026-03-31,9,1799
2026-03-31,11,2035
2026-03-31,20,1245
2026-03-31,24,1933
2026-03-31,27,1671
2026-03-31,39,1351
2026-03-31,40,1439
2026-03-31,44,3104
2026-03-31,45,2988
2026-03-31,46,2685
2026-03-31,47,2977
2026-03-31,48,2248
2026-03-31,49,2410
2026-03-31,50,2111
2026-03-31,51,1380
2026-04-01,2,1887
2026-04-01,3,3050
2026-04-01,6,1725
2026-04-01,7,1980
2026-04-01,8,2696
2026-04-01,9,1726
2026-04-01,11,1971
2026-04-01,20,1307
2026-04-01,24,2150
2026-04-01,27,1673
2026-04-01,39,1150
2026-04-01,40,1271
2026-04-01,44,4312
2026-04-01,45,3448
2026-04-01,46,2962
2026-04-01,47,3473
2026-04-01,48,2461
2026-04-01,49,2873
2026-04-01,50,2114
2026-04-01,51,1629
2026-04-02,2,1685
2026-04-02,3,2731
2026-04-02,6,1480
2026-04-02,7,1853
2026-04-02,8,2468
2026-04-02,9,1810
2026-04-02,11,1944
2026-04-02,20,1407
2026-04-02,24,1865
2026-04-02,27,1441
2026-04-02,39,1164
2026-04-02,40,1076
2026-04-02,44,3646
2026-04-02,45,3015
2026-04-02,46,2692
2026-04-02,47,3191
2026-04-02,48,2314
2026-04-02,49,2631
2026-04-02,50,2071
2026-04-02,51,1246
2026-04-03,2,1780
2026-04-03,3,3282
2026-04-03,6,1719
2026-04-03,7,2014
2026-04-03,8,2965
2026-04-03,9,1789
2026-04-03,11,2153
2026-04-03,20,1291
2026-04-03,24,2336
2026-04-03,27,1710
2026-04-03,39,1229
2026-04-03,40,1379
2026-04-03,44,4428
2026-04-03,45,3967
2026-04-03,46,3295
2026-04-03,47,3870
2026-04-03,48,2719
2026-04-03,49,3525
2026-04-03,50,2521
2026-04-03,51,1794
2026-04-04,2,2345
2026-04-04,3,4219
2026-04-04,6,2262
2026-04-04,7,1889
2026-04-04,8,3177
2026-04-04,9,2686
2026-04-04,11,3298
2026-04-04,20,2293
2026-04-04,24,2480
2026-04-04,27,1938
2026-04-04,39,1929
2026-04-04,40,1536
2026-04-04,44,5827
2026-04-04,45,5153
2026-04-04,46,5244
2026-04-04,47,5247
2026-04-04,48,4541
2026-04-04,49,4172
2026-04-04,50,3868
2026-04-04,51,2067
2026-04-05,2,2076
2026-04-05,3,3515
2026-04-05,6,2151
2026-04-05,7,1595
2026-04-05,8,2522
2026-04-05,9,2245
2026-04-05,11,3156
2026-04-05,20,2376
2026-04-05,24,1166
2026-04-05,27,1897
2026-04-05,39,1519
2026-04-05,40,1206
2026-04-05,44,3857
2026-04-05,45,4020
2026-04-05,46,4533
2026-04-05,47,4483
2026-04-05,48,4122
2026-04-05,49,2919
2026-04-05,50,3105
2026-04-05,51,1506
2026-04-06,2,1812
2026-04-06,3,3035
2026-04-06,6,1702
2026-04-06,7,1819
2026-04-06,8,2643
2026-04-06,9,2256
2026-04-06,11,2468
2026-04-06,20,1510
2026-04-06,24,1887
2026-04-06,27,1346
2026-04-06,39,1435
2026-04-06,40,1409
2026-04-06,44,3403
2026-04-06,45,292
2026-04-06,46,3428
2026-04-06,47,3783
2026-04-06,48,2765
2026-04-06,49,2830
2026-04-06,50,2470
2026-04-06,51,1376
2026-04-07,2,1775
2026-04-07,3,2989
2026-04-07,6,1603
2026-04-07,7,1731
2026-04-07,8,2052
2026-04-07,9,2151
2026-04-07,11,2548
2026-04-07,20,1552
2026-04-07,24,2148
2026-04-07,27,1651
2026-04-07,39,1482
2026-04-07,40,1449
2026-04-07,44,3144
2026-04-07,45,3687
2026-04-07,46,3085
2026-04-07,47,3695
2026-04-07,48,2580
2026-04-07,49,2753
2026-04-07,50,2510
2026-04-07,51,1441
2026-04-08,2,1938
2026-04-08,3,3363
2026-04-08,6,1760
2026-04-08,7,1978
2026-04-08,8,2789
2026-04-08,9,1920
2026-04-08,11,2355
2026-04-08,20,1557
2026-04-08,24,2287
2026-04-08,27,1654
2026-04-08,39,1245
2026-04-08,40,1289
2026-04-08,44,3611
2026-04-08,45,3762
2026-04-08,46,3295
2026-04-08,47,3915
2026-04-08,48,2626
2026-04-08,49,3163
2026-04-08,50,2324
2026-04-08,51,1643
2026-04-09,2,1818
2026-04-09,3,2961
2026-04-09,6,1664
2026-04-09,7,1931
2026-04-09,8,2616
2026-04-09,9,2039
2026-04-09,11,2373
2026-04-09,20,1502
2026-04-09,24,2025
2026-04-09,27,1467
2026-04-09,39,1278
2026-04-09,40,1315
2026-04-09,44,3480
2026-04-09,45,3349
2026-04-09,46,2896
2026-04-09,47,3283
2026-04-09,48,2522
2026-04-09,49,2914
2026-04-09,50,2178
2026-04-09,51,1350
2026-04-10,2,1917
2026-04-10,3,3461
2026-04-10,6,1725
2026-04-10,7,2113
2026-04-10,8,2824
2026-04-10,9,1908
2026-04-10,11,2274
2026-04-10,20,1274
2026-04-10,24,2266
2026-04-10,27,1588
2026-04-10,39,1319
2026-04-10,40,1307
2026-04-10,44,4030
2026-04-10,45,3918
2026-04-10,46,3207
2026-04-10,47,3846
2026-04-10,48,2573
2026-04-10,49,3282
2026-04-10,50,2468
2026-04-10,51,1613
2026-04-11,2,1984
2026-04-11,3,3713
2026-04-11,6,1982
2026-04-11,7,1784
2026-04-11,8,3020
2026-04-11,9,2268
2026-04-11,11,2592
2026-04-11,20,1780
2026-04-11,24,2044
2026-04-11,27,1765
2026-04-11,39,1791
2026-04-11,40,1301
2026-04-11,44,4921
2026-04-11,45,4652
2026-04-11,46,4602
2026-04-11,47,4750
2026-04-11,48,3729
2026-04-11,49,3672
2026-04-11,50,3359
2026-04-11,51,1604
2026-04-12,2,1965
2026-04-12,3,3727
2026-04-12,6,2090
2026-04-12,7,1555
2026-04-12,8,2871
2026-04-12,9,2251
2026-04-12,11,2705
2026-04-12,20,2049
2026-04-12,24,1595
2026-04-12,27,1821
2026-04-12,39,1622
2026-04-12,40,1083
2026-04-12,44,5517
2026-04-12,45,4600
2026-04-12,46,4758
2026-04-12,47,4681
2026-04-12,48,4203
2026-04-12,49,3485
2026-04-12,50,3167
2026-04-12,51,1549
2026-04-13,2,1740
2026-04-13,3,2861
2026-04-13,6,1647
2026-04-13,7,1684
2026-04-13,8,2537
2026-04-13,9,2061
2026-04-13,11,2325
2026-04-13,20,1477
2026-04-13,24,2077
2026-04-13,27,1504
2026-04-13,39,1242
2026-04-13,40,1412
2026-04-13,44,3424
2026-04-13,45,3633
2026-04-13,46,3154
2026-04-13,47,3646
2026-04-13,48,2545
2026-04-13,49,2912
2026-04-13,50,2318
2026-04-13,51,1487
2026-04-14,2,1874
2026-04-14,3,3005
2026-04-14,6,1746
2026-04-14,7,1695
2026-04-14,8,2680
2026-04-14,9,2048
2026-04-14,11,2322
2026-04-14,20,1603
2026-04-14,24,1998
2026-04-14,27,1483
2026-04-14,39,1319
2026-04-14,40,1435
2026-04-14,44,3738
2026-04-14,45,3571
2026-04-14,46,3112
2026-04-14,47,3714
2026-04-14,48,2484
2026-04-14,49,2653
2026-04-14,50,2440
2026-04-14,51,1420
2026-04-15,2,1818
2026-04-15,3,3047
2026-04-15,6,1661
2026-04-15,7,1712
2026-04-15,8,2755
2026-04-15,9,1763
2026-04-15,11,2220
2026-04-15,20,1409
2026-04-15,24,2136
2026-04-15,27,1584
2026-04-15,39,1296
2026-04-15,40,1336
2026-04-15,44,3827
2026-04-15,45,3555
2026-04-15,46,3151
2026-04-15,47,3684
2026-04-15,48,2516
2026-04-15,49,3062
2026-04-15,50,2457
2026-04-15,51,1591
2026-04-16,2,1883
2026-04-16,3,3409
2026-04-16,6,1964
2026-04-16,7,1845
2026-04-16,8,2945
2026-04-16,9,2232
2026-04-16,11,2324
2026-04-16,20,1647
2026-04-16,24,2043
2026-04-16,27,1529
2026-04-16,39,1334
2026-04-16,40,1343
2026-04-16,44,4423
2026-04-16,45,3875
2026-04-16,46,3726
2026-04-16,47,4128
2026-04-16,48,2871
2026-04-16,49,3111
2026-04-16,50,2828
2026-04-16,51,1480
2026-04-17,2,1688
2026-04-17,3,3243
2026-04-17,6,1896
2026-04-17,7,1519
2026-04-17,8,2308
2026-04-17,9,1912
2026-04-17,11,2280
2026-04-17,20,1714
2026-04-17,24,1649
2026-04-17,27,1873
2026-04-17,39,1116
2026-04-17,40,926
2026-04-17,44,4357
2026-04-17,45,3882
2026-04-17,46,3930
2026-04-17,47,4094
2026-04-17,48,3255
2026-04-17,49,2989
2026-04-17,50,2905
2026-04-17,51,1557
2026-04-18,2,1775
2026-04-18,3,3497
2026-04-18,6,1928
2026-04-18,7,1738
2026-04-18,8,2531
2026-04-18,9,2155
2026-04-18,11,2666
2026-04-18,20,1809
2026-04-18,24,1929
2026-04-18,27,1870
2026-04-18,39,1559
2026-04-18,40,1312
2026-04-18,44,4619
2026-04-18,45,4712
2026-04-18,46,4538
2026-04-18,47,4584
2026-04-18,48,3912
2026-04-18,49,3539
2026-04-18,50,3514
2026-04-18,51,1525
2026-04-19,2,1791
2026-04-19,3,3469
2026-04-19,6,1990
2026-04-19,7,1521
2026-04-19,8,2552
2026-04-19,9,2176
2026-04-19,11,2570
2026-04-19,20,2051
2026-04-19,24,1456
2026-04-19,27,1984
2026-04-19,39,1415
2026-04-19,40,1061
2026-04-19,44,4925
2026-04-19,45,4567
2026-04-19,46,4387
2026-04-19,47,4413
2026-04-19,48,3913
2026-04-19,49,3458
2026-04-19,50,3045
2026-04-19,51,1566
2026-04-20,2,1743
2026-04-20,3,2964
2026-04-20,6,1607
2026-04-20,7,1825
2026-04-20,8,2736
2026-04-20,9,1975
2026-04-20,11,2236
2026-04-20,20,1357
2026-04-20,24,2112
2026-04-20,27,1571
2026-04-20,39,1336
2026-04-20,40,1502
2026-04-20,44,3775
2026-04-20,45,3483
2026-04-20,46,2943
2026-04-20,47,3502
2026-04-20,48,2483
2026-04-20,49,2947
2026-04-20,50,2401
2026-04-20,51,1528
2026-04-21,2,1722
2026-04-21,3,2779
2026-04-21,6,1501
2026-04-21,7,1814
2026-04-21,8,2538
2026-04-21,9,1980
2026-04-21,11,2261
2026-04-21,20,1312
2026-04-21,24,2040
2026-04-21,27,1432
2026-04-21,39,1274
2026-04-21,40,1486
2026-04-21,44,3550
2026-04-21,45,3236
2026-04-21,46,2770
2026-04-21,47,3375
2026-04-21,48,2355
2026-04-21,49,2665
2026-04-21,50,2322
2026-04-21,51,1404
2026-04-22,2,1803
2026-04-22,3,2973
2026-04-22,6,1660
2026-04-22,7,1885
2026-04-22,8,2788
2026-04-22,9,1804
2026-04-22,11,1986
2026-04-22,20,1284
2026-04-22,24,1825
2026-04-22,27,1394
2026-04-22,39,1232
2026-04-22,40,1049
2026-04-22,44,4174
2026-04-22,45,3441
2026-04-22,46,3182
2026-04-22,47,3592
2026-04-22,48,2421
2026-04-22,49,3045
2026-04-22,50,2187
2026-04-22,51,1525
2026-04-23,2,1715
2026-04-23,3,2808
2026-04-23,6,1547
2026-04-23,7,1700
2026-04-23,8,2475
2026-04-23,9,1929
2026-04-23,11,2056
2026-04-23,20,1533
2026-04-23,24,2189
2026-04-23,27,1551
2026-04-23,39,1152
2026-04-23,40,1385
2026-04-23,44,3387
2026-04-23,45,3255
2026-04-23,46,3078
2026-04-23,47,3476
2026-04-23,48,2509
2026-04-23,49,2750
2026-04-23,50,2051
2026-04-23,51,1409
2026-04-24,2,1950
2026-04-24,3,3439
2026-04-24,6,1744
2026-04-24,7,2095
2026-04-24,8,3024
2026-04-24,9,1873
2026-04-24,11,2155
2026-04-24,20,1398
2026-04-24,24,2362
2026-04-24,27,1601
2026-04-24,39,1188
2026-04-24,40,1361
2026-04-24,44,4530
2026-04-24,45,3934
2026-04-24,46,3353
2026-04-24,47,3836
2026-04-24,48,2686
2026-04-24,49,3175
2026-04-24,50,2413
2026-04-24,51,1726
2026-04-25,2,2006
2026-04-25,3,3718
2026-04-25,6,1924
2026-04-25,7,1949
2026-04-25,8,2995
2026-04-25,9,2249
2026-04-25,11,2537
2026-04-25,20,1765
2026-04-25,24,2156
2026-04-25,27,1730
2026-04-25,39,1692
2026-04-25,40,1348
2026-04-25,44,5074
2026-04-25,45,4600
2026-04-25,46,4346
2026-04-25,47,4411
2026-04-25,48,3532
2026-04-25,49,3507
2026-04-25,50,3136
2026-04-25,51,1760
2026-04-26,2,1968
2026-04-26,3,3648
2026-04-26,6,2114
2026-04-26,7,1730
2026-04-26,8,2864
2026-04-26,9,2247
2026-04-26,11,2603
2026-04-26,20,2102
2026-04-26,24,1733
2026-04-26,27,1967
2026-04-26,39,1569
2026-04-26,40,1124
2026-04-26,44,5305
2026-04-26,45,4676
2026-04-26,46,4768
2026-04-26,47,4842
2026-04-26,48,4088
2026-04-26,49,3628
2026-04-26,50,3251
2026-04-26,51,1892
2026-04-27,2,1737
2026-04-27,3,2754
2026-04-27,6,1461
2026-04-27,7,1779
2026-04-27,8,2520
2026-04-27,9,1867
2026-04-27,11,2105
2026-04-27,20,1310
2026-04-27,24,1994
2026-04-27,27,1448
2026-04-27,39,1289
2026-04-27,40,1415
2026-04-27,44,3429
2026-04-27,45,3347
2026-04-27,46,3011
2026-04-27,47,3249
2026-04-27,48,2421
2026-04-27,49,2763
2026-04-27,50,2304
2026-04-27,51,1433
2026-04-28,2,1847
2026-04-28,3,2893
2026-04-28,6,1588
2026-04-28,7,1893
2026-04-28,8,2512
2026-04-28,9,1906
2026-04-28,11,2138
2026-04-28,20,1353
2026-04-28,24,2014
2026-04-28,27,1486
2026-04-28,39,1336
2026-04-28,40,1435
2026-04-28,44,3767
2026-04-28,45,3157
2026-04-28,46,2863
2026-04-28,47,3317
2026-04-28,48,2313
2026-04-28,49,2652
2026-04-28,50,2253
2026-04-28,51,1508
2026-04-29,2,1858
2026-04-29,3,3005
2026-04-29,6,1716
2026-04-29,7,1999
2026-04-29,8,2808
2026-04-29,9,1780
2026-04-29,11,1956
2026-04-29,20,1289
2026-04-29,24,2349
2026-04-29,27,1703
2026-04-29,39,1223
2026-04-29,40,1374
2026-04-29,44,4307
2026-04-29,45,3496
2026-04-29,46,2945
2026-04-29,47,3476
2026-04-29,48,2337
2026-04-29,49,2887
2026-04-29,50,2062
2026-04-29,51,1776
2026-04-30,2,1809
2026-04-30,3,2742
2026-04-30,6,1580
2026-04-30,7,1750
2026-04-30,8,2466
2026-04-30,9,1825
2026-04-30,11,2001
2026-04-30,20,1457
2026-04-30,24,2052
2026-04-30,27,1468
2026-04-30,39,1226
2026-04-30,40,1222
2026-04-30,44,3756
2026-04-30,45,3085
2026-04-30,46,2679
2026-04-30,47,3234
2026-04-30,48,2308
2026-04-30,49,2451
2026-04-30,50,2037
2026-04-30,51,1405
2026-05-01,2,1838
2026-05-01,3,3298
2026-05-01,6,1710
2026-05-01,7,2043
2026-05-01,8,2982
2026-05-01,9,1807
2026-05-01,11,2048
2026-05-01,20,1400
2026-05-01,24,2329
2026-05-01,27,1545
2026-05-01,39,1269
2026-05-01,40,1292
2026-05-01,44,4391
2026-05-01,45,3761
2026-05-01,46,3122
2026-05-01,47,3805
2026-05-01,48,2599
2026-05-01,49,3139
2026-05-01,50,2422
2026-05-01,51,1665
2026-05-02,2,2030
2026-05-02,3,3565
2026-05-02,6,1983
2026-05-02,7,1917
2026-05-02,8,2870
2026-05-02,9,2297
2026-05-02,11,2598
2026-05-02,20,1794
2026-05-02,24,2258
2026-05-02,27,1929
2026-05-02,39,1662
2026-05-02,40,1475
2026-05-02,44,5032
2026-05-02,45,4567
2026-05-02,46,4438
2026-05-02,47,4701
2026-05-02,48,3778
2026-05-02,49,3635
2026-05-02,50,3357
2026-05-02,51,1732
2026-05-03,2,1721
2026-05-03,3,3304
2026-05-03,6,1925
2026-05-03,7,1629
2026-05-03,8,2499
2026-05-03,9,1962
2026-05-03,11,2700
2026-05-03,20,1870
2026-05-03,24,1687
2026-05-03,27,1889
2026-05-03,39,1438
2026-05-03,40,1294
2026-05-03,44,4939
2026-05-03,45,4467
2026-05-03,46,4683
2026-05-03,47,4412
2026-05-03,48,3969
2026-05-03,49,3432
2026-05-03,50,3126
2026-05-03,51,1576
2026-05-04,2,2071
2026-05-04,3,3630
2026-05-04,6,2210
2026-05-04,7,1751
2026-05-04,8,2814
2026-05-04,9,2481
2026-05-04,11,2806
2026-05-04,20,2263
2026-05-04,24,1836
2026-05-04,27,2020
2026-05-04,39,1559
2026-05-04,40,1331
2026-05-04,44,5394
2026-05-04,45,5012
2026-05-04,46,5199
2026-05-04,47,5110
2026-05-04,48,4494
2026-05-04,49,3768
2026-05-04,50,3609
2026-05-04,51,1998
2026-05-05,2,1873
2026-05-05,3,3010
2026-05-05,6,1764
2026-05-05,7,1887
2026-05-05,8,2680
2026-05-05,9,2099
2026-05-05,11,2428
2026-05-05,20,1451
2026-05-05,24,2026
2026-05-05,27,1473
2026-05-05,39,1468
2026-05-05,40,1611
2026-05-05,44,3968
2026-05-05,45,3587
2026-05-05,46,3170
2026-05-05,47,3643
2026-05-05,48,2653
2026-05-05,49,2922
2026-05-05,50,2333
2026-05-05,51,1454
2026-05-06,2,1871
2026-05-06,3,3235
2026-05-06,6,1685
2026-05-06,7,2095
2026-05-06,8,2885
2026-05-06,9,2046
2026-05-06,11,2486
2026-05-06,20,1420
2026-05-06,24,2263
2026-05-06,27,1673
2026-05-06,39,1342
2026-05-06,40,1455
2026-05-06,44,4363
2026-05-06,45,3628
2026-05-06,46,3370
2026-05-06,47,3844
2026-05-06,48,2760
2026-05-06,49,3095
2026-05-06,50,2285
2026-05-06,51,1726
2026-05-07,2,1762
2026-05-07,3,2927
2026-05-07,6,1522
2026-05-07,7,1751
2026-05-07,8,2646
2026-05-07,9,1989
2026-05-07,11,2374
2026-05-07,20,1494
2026-05-07,24,2053
2026-05-07,27,1430
2026-05-07,39,1236
2026-05-07,40,1314
2026-05-07,44,3687
2026-05-07,45,3259
2026-05-07,46,3037
2026-05-07,47,3487
2026-05-07,48,2603
2026-05-07,49,2809
2026-05-07,50,2217
2026-05-07,51,1415
2026-05-08,2,1880
2026-05-08,3,3207
2026-05-08,6,1593
2026-05-08,7,1958
2026-05-08,8,2814
2026-05-08,9,1894
2026-05-08,11,2392
2026-05-08,20,1310
2026-05-08,24,2332
2026-05-08,27,1361
2026-05-08,39,1279
2026-05-08,40,1272
2026-05-08,44,4286
2026-05-08,45,3879
2026-05-08,46,3269
2026-05-08,47,3898
2026-05-08,48,2641
2026-05-08,49,3246
2026-05-08,50,2475
2026-05-08,51,1649
2026-05-09,2,2139
2026-05-09,3,3705
2026-05-09,6,2047
2026-05-09,7,1904
2026-05-09,8,3024
2026-05-09,9,2342
2026-05-09,11,2745
2026-05-09,20,1845
2026-05-09,24,2349
2026-05-09,27,1885
2026-05-09,39,1716
2026-05-09,40,1547
2026-05-09,44,5233
2026-05-09,45,4704
2026-05-09,46,4527
2026-05-09,47,4694
2026-05-09,48,3776
2026-05-09,49,3598
2026-05-09,50,3350
2026-05-09,51,1807
2026-05-10,2,2000
2026-05-10,3,3707
2026-05-10,6,2138
2026-05-10,7,1657
2026-05-10,8,2818
2026-05-10,9,2284
2026-05-10,11,2938
2026-05-10,20,2136
2026-05-10,24,1924
2026-05-10,27,2053
2026-05-10,39,1657
2026-05-10,40,1377
2026-05-10,44,5245
2026-05-10,45,4656
2026-05-10,46,4886
2026-05-10,47,4862
2026-05-10,48,4251
2026-05-10,49,3606
2026-05-10,50,3252
2026-05-10,51,1967
2026-05-11,2,1772
2026-05-11,3,3045
2026-05-11,6,1654
2026-05-11,7,1852
2026-05-11,8,2580
2026-05-11,9,2032
2026-05-11,11,2377
2026-05-11,20,1521
2026-05-11,24,2143
2026-05-11,27,1458
2026-05-11,39,1244
2026-05-11,40,1536
2026-05-11,44,3888
2026-05-11,45,3540
2026-05-11,46,3083
2026-05-11,47,3567
2026-05-11,48,2494
2026-05-11,49,2820
2026-05-11,50,2291
2026-05-11,51,1524
2026-05-12,2,1746
2026-05-12,3,2862
2026-05-12,6,1503
2026-05-12,7,1800
2026-05-12,8,2526
2026-05-12,9,2003
2026-05-12,11,2293
2026-05-12,20,1427
2026-05-12,24,1982
2026-05-12,27,1450
2026-05-12,39,1326
2026-05-12,40,1512
2026-05-12,44,3666
2026-05-12,45,3288
2026-05-12,46,2912
2026-05-12,47,3413
2026-05-12,48,2298
2026-05-12,49,2620
2026-05-12,50,2287
2026-05-12,51,1477
2026-05-13,2,1768
2026-05-13,3,2996
2026-05-13,6,1584
2026-05-13,7,1820
2026-05-13,8,2761
2026-05-13,9,1825
2026-05-13,11,2195
2026-05-13,20,1402
2026-05-13,24,2257
2026-05-13,27,1611
2026-05-13,39,1208
2026-05-13,40,1340
2026-05-13,44,4205
2026-05-13,45,3491
2026-05-13,46,3016
2026-05-13,47,3498
2026-05-13,48,2522
2026-05-13,49,3103
2026-05-13,50,2287
2026-05-13,51,1629
2026-05-14,2,1664
2026-05-14,3,2788
2026-05-14,6,1488
2026-05-14,7,1639
2026-05-14,8,2468
2026-05-14,9,1887
2026-05-14,11,2238
2026-05-14,20,1370
2026-05-14,24,2186
2026-05-14,27,1478
2026-05-14,39,1269
2026-05-14,40,1337
2026-05-14,44,3576
2026-05-14,45,3148
2026-05-14,46,2934
2026-05-14,47,3459
2026-05-14,48,2297
2026-05-14,49,2859
2026-05-14,50,2316
2026-05-14,51,1476
2026-05-15,2,1867
2026-05-15,3,3322
2026-05-15,6,1752
2026-05-15,7,2029
2026-05-15,8,3078
2026-05-15,9,1903
2026-05-15,11,2124
2026-05-15,20,1292
2026-05-15,24,2363
2026-05-15,27,1616
2026-05-15,39,1380
2026-05-15,40,1327
2026-05-15,44,4683
2026-05-15,45,4151
2026-05-15,46,3422
2026-05-15,47,4076
2026-05-15,48,2763
2026-05-15,49,3668
2026-05-15,50,2730
2026-05-15,51,1908
2026-05-16,2,2380
2026-05-16,3,4340
2026-05-16,6,2386
2026-05-16,7,2128
2026-05-16,8,3353
2026-05-16,9,2537
2026-05-16,11,2908
2026-05-16,20,2094
2026-05-16,24,2821
2026-05-16,27,2155
2026-05-16,39,1894
2026-05-16,40,1605
2026-05-16,44,6398
2026-05-16,45,5503
2026-05-16,46,5548
2026-05-16,47,5450
2026-05-16,48,4315
2026-05-16,49,4726
2026-05-16,50,4023
2026-05-16,51,2628
2026-05-17,2,2129
2026-05-17,3,3558
2026-05-17,6,2187
2026-05-17,7,1816
2026-05-17,8,2465
2026-05-17,9,2165
2026-05-17,11,2896
2026-05-17,20,1905
2026-05-17,24,1636
2026-05-17,27,2103
2026-05-17,39,1516
2026-05-17,40,1149
2026-05-17,44,4717
2026-05-17,45,4457
2026-05-17,46,4398
2026-05-17,47,4423
2026-05-17,48,4172
2026-05-17,49,3526
2026-05-17,50,3148
2026-05-17,51,1932
2026-05-18,2,1597
2026-05-18,3,2771
2026-05-18,6,1554
2026-05-18,7,1696
2026-05-18,8,2604
2026-05-18,9,1909
2026-05-18,11,2176
2026-05-18,20,1401
2026-05-18,24,2187
2026-05-18,27,1533
2026-05-18,39,1243
2026-05-18,40,1549
2026-05-18,44,3494
2026-05-18,45,3534
2026-05-18,46,3171
2026-05-18,47,3445
2026-05-18,48,2436
2026-05-18,49,2947
2026-05-18,50,2416
2026-05-18,51,1525
2026-05-19,2,1784
2026-05-19,3,2927
2026-05-19,6,1652
2026-05-19,7,1826
2026-05-19,8,2699
2026-05-19,9,2133
2026-05-19,11,2344
2026-05-19,20,1508
2026-05-19,24,2026
2026-05-19,27,1491
2026-05-19,39,1511
2026-05-19,40,1610
2026-05-19,44,3890
2026-05-19,45,3345
2026-05-19,46,3137
2026-05-19,47,3520
2026-05-19,48,2386
2026-05-19,49,2885
2026-05-19,50,2179
2026-05-19,51,1446
2026-05-20,2,1913
2026-05-20,3,3110
2026-05-20,6,1588
2026-05-20,7,1821
2026-05-20,8,2813
2026-05-20,9,1893
2026-05-20,11,2131
2026-05-20,20,1381
2026-05-20,24,2242
2026-05-20,27,1614
2026-05-20,39,1222
2026-05-20,40,1367
2026-05-20,44,4389
2026-05-20,45,3553
2026-05-20,46,3096
2026-05-20,47,3549
2026-05-20,48,2489
2026-05-20,49,3017
2026-05-20,50,2220
2026-05-20,51,1742
2026-05-21,2,1629
2026-05-21,3,2811
2026-05-21,6,1512
2026-05-21,7,1770
2026-05-21,8,2427
2026-05-21,9,1835
2026-05-21,11,2066
2026-05-21,20,1239
2026-05-21,24,1962
2026-05-21,27,1393
2026-05-21,39,1156
2026-05-21,40,1165
2026-05-21,44,3778
2026-05-21,45,3109
2026-05-21,46,2913
2026-05-21,47,3285
2026-05-21,48,2241
2026-05-21,49,2734
2026-05-21,50,2052
2026-05-21,51,1385
2026-05-22,2,1844
2026-05-22,3,3056
2026-05-22,6,1686
2026-05-22,7,2115
2026-05-22,8,2980
2026-05-22,9,1739
2026-05-22,11,2069
2026-05-22,20,1374
2026-05-22,24,2338
2026-05-22,27,1550
2026-05-22,39,1276
2026-05-22,40,1262
2026-05-22,44,4601
2026-05-22,45,3930
2026-05-22,46,3226
2026-05-22,47,3692
2026-05-22,48,2587
2026-05-22,49,3214
2026-05-22,50,2381
2026-05-22,51,1782
2026-05-23,2,2072
2026-05-23,3,3599
2026-05-23,6,2050
2026-05-23,7,1887
2026-05-23,8,2869
2026-05-23,9,2229
2026-05-23,11,2401
2026-05-23,20,1935
2026-05-23,24,2402
2026-05-23,27,1840
2026-05-23,39,1719
2026-05-23,40,1381
2026-05-23,44,5369
2026-05-23,45,4424
2026-05-23,46,4464
2026-05-23,47,4548
2026-05-23,48,3537
2026-05-23,49,3527
2026-05-23,50,3261
2026-05-23,51,1839
2026-05-24,2,2146
2026-05-24,3,3795
2026-05-24,6,2070
2026-05-24,7,1720
2026-05-24,8,2938
2026-05-24,9,2159
2026-05-24,11,2339
2026-05-24,20,2206
2026-05-24,24,1887
2026-05-24,27,2079
2026-05-24,39,1735
2026-05-24,40,1397
2026-05-24,44,5659
2026-05-24,45,4725
2026-05-24,46,4702
2026-05-24,47,4529
2026-05-24,48,3707
2026-05-24,49,3551
2026-05-24,50,3114
2026-05-24,51,1971
2026-05-25,2,1802
2026-05-25,3,2877
2026-05-25,6,1624
2026-05-25,7,1838
2026-05-25,8,2580
2026-05-25,9,1874
2026-05-25,11,2167
2026-05-25,20,1438
2026-05-25,24,2087
2026-05-25,27,1517
2026-05-25,39,1294
2026-05-25,40,1557
2026-05-25,44,4101
2026-05-25,45,3466
2026-05-25,46,3086
2026-05-25,47,3614
2026-05-25,48,2502
2026-05-25,49,2785
2026-05-25,50,2230
2026-05-25,51,1494
2026-05-26,2,1701
2026-05-26,3,2638
2026-05-26,6,1632
2026-05-26,7,1786
2026-05-26,8,2498
2026-05-26,9,1919
2026-05-26,11,2309
2026-05-26,20,1347
2026-05-26,24,2036
2026-05-26,27,1390
2026-05-26,39,1377
2026-05-26,40,1460
2026-05-26,44,4094
2026-05-26,45,3242
2026-05-26,46,2863
2026-05-26,47,3241
2026-05-26,48,2340
2026-05-26,49,2497
2026-05-26,50,2334
2026-05-26,51,1469
2026-05-27,2,1776
2026-05-27,3,2965
2026-05-27,6,1601
2026-05-27,7,1920
2026-05-27,8,2656
2026-05-27,9,1695
2026-05-27,11,2088
2026-05-27,20,1368
2026-05-27,24,2101
2026-05-27,27,1510
2026-05-27,39,1126
2026-05-27,40,1198
2026-05-27,44,4200
2026-05-27,45,3417
2026-05-27,46,2903
2026-05-27,47,3430
2026-05-27,48,2474
2026-05-27,49,2803
2026-05-27,50,2242
2026-05-27,51,1686
2026-05-28,2,1662
2026-05-28,3,2841
2026-05-28,6,1515
2026-05-28,7,1844
2026-05-28,8,2507
2026-05-28,9,1638
2026-05-28,11,1927
2026-05-28,20,1238
2026-05-28,24,2024
2026-05-28,27,1309
2026-05-28,39,1282
2026-05-28,40,1175
2026-05-28,44,3981
2026-05-28,45,3199
2026-05-28,46,2869
2026-05-28,47,3312
2026-05-28,48,2264
2026-05-28,49,2769
2026-05-28,50,2313
2026-05-28,51,1406
2026-05-29,2,1850
2026-05-29,3,3543
2026-05-29,6,1982
2026-05-29,7,1758
2026-05-29,8,2514
2026-05-29,9,1925
2026-05-29,11,2263
2026-05-29,20,1635
2026-05-29,24,1973
2026-05-29,27,1952
2026-05-29,39,1399
2026-05-29,40,1078
2026-05-29,44,5395
2026-05-29,45,4569
2026-05-29,46,4380
2026-05-29,47,4479
2026-05-29,48,3493
2026-05-29,49,3483
2026-05-29,50,3198
2026-05-29,51,1829
2026-05-30,2,1875
2026-05-30,3,3187
2026-05-30,6,1946
2026-05-30,7,1678
2026-05-30,8,2417
2026-05-30,9,1943
2026-05-30,11,2416
2026-05-30,20,1571
2026-05-30,24,1908
2026-05-30,27,1788
2026-05-30,39,1665
2026-05-30,40,1415
2026-05-30,44,5034
2026-05-30,45,4333
2026-05-30,46,4081
2026-05-30,47,4080
2026-05-30,48,3423
2026-05-30,49,3197
2026-05-30,50,3254
2026-05-30,51,1623
2026-05-31,2,1884
2026-05-31,3,3442
2026-05-31,6,2044
2026-05-31,7,1569
2026-05-31,8,2500
2026-05-31,9,1945
2026-05-31,11,2497
2026-05-31,20,2037
2026-05-31,24,1616
2026-05-31,27,1909
2026-05-31,39,1486
2026-05-31,40,1224
2026-05-31,44,4784
2026-05-31,45,4382
2026-05-31,46,4439
2026-05-31,47,4303
2026-05-31,48,3724
2026-05-31,49,3408
2026-05-31,50,3152
2026-05-31,51,1650
2026-06-01,2,1793
2026-06-01,3,2896
2026-06-01,6,1603
2026-06-01,7,1813
2026-06-01,8,2503
2026-06-01,9,1859
2026-06-01,11,2126
2026-06-01,20,1325
2026-06-01,24,2070
2026-06-01,27,1550
2026-06-01,39,1255
2026-06-01,40,1453
2026-06-01,44,3927
2026-06-01,45,3380
2026-06-01,46,2896
2026-06-01,47,3288
2026-06-01,48,2381
2026-06-01,49,2831
2026-06-01,50,2368
2026-06-01,51,1562
2026-06-02,2,1724
2026-06-02,3,2726
2026-06-02,6,1631
2026-06-02,7,1779
2026-06-02,8,2501
2026-06-02,9,1875
2026-06-02,11,2169
2026-06-02,20,1395
2026-06-02,24,2087
2026-06-02,27,1489
2026-06-02,39,1374
2026-06-02,40,1447
2026-06-02,44,3904
2026-06-02,45,3233
2026-06-02,46,2769
2026-06-02,47,3334
2026-06-02,48,2274
2026-06-02,49,2583
2026-06-02,50,2211
2026-06-02,51,1490
2026-06-03,2,2000
2026-06-03,3,3201
2026-06-03,6,1781
2026-06-03,7,2024
2026-06-03,8,2881
2026-06-03,9,1998
2026-06-03,11,2388
2026-06-03,20,1618
2026-06-03,24,2341
2026-06-03,27,1745
2026-06-03,39,1311
2026-06-03,40,1471
2026-06-03,44,4409
2026-06-03,45,3538
2026-06-03,46,3242
2026-06-03,47,3868
2026-06-03,48,2598
2026-06-03,49,3053
2026-06-03,50,2547
2026-06-03,51,1814
2026-06-04,2,1802
2026-06-04,3,3066
2026-06-04,6,1648
2026-06-04,7,1896
2026-06-04,8,2754
2026-06-04,9,2337
2026-06-04,11,2816
2026-06-04,20,1684
2026-06-04,24,2103
2026-06-04,27,1443
2026-06-04,39,1346
2026-06-04,40,1459
2026-06-04,44,4165
2026-06-04,45,3717
2026-06-04,46,3400
2026-06-04,47,3766
2026-06-04,48,2908
2026-06-04,49,3107
2026-06-04,50,2778
2026-06-04,51,1461
2026-06-05,2,1921
2026-06-05,3,3484
2026-06-05,6,1823
2026-06-05,7,2057
2026-06-05,8,3044
2026-06-05,9,1995
2026-06-05,11,2416
2026-06-05,20,1491
2026-06-05,24,2274
2026-06-05,27,1506
2026-06-05,39,1442
2026-06-05,40,1312
2026-06-05,44,4630
2026-06-05,45,4234
2026-06-05,46,3370
2026-06-05,47,4102
2026-06-05,48,2876
2026-06-05,49,3487
2026-06-05,50,2652
2026-06-05,51,1869
2026-06-06,2,2160
2026-06-06,3,3819
2026-06-06,6,2177
2026-06-06,7,1994
2026-06-06,8,2983
2026-06-06,9,2436
2026-06-06,11,3032
2026-06-06,20,2011
2026-06-06,24,2438
2026-06-06,27,1835
2026-06-06,39,1831
2026-06-06,40,1446
2026-06-06,44,5307
2026-06-06,45,4747
2026-06-06,46,4744
2026-06-06,47,4771
2026-06-06,48,4037
2026-06-06,49,3418
2026-06-06,50,3427
2026-06-06,51,1937
2026-06-07,2,2054
2026-06-07,3,3956
2026-06-07,6,2231
2026-06-07,7,1754
2026-06-07,8,2917
2026-06-07,9,2412
2026-06-07,11,2977
2026-06-07,20,2354
2026-06-07,24,1935
2026-06-07,27,1968
2026-06-07,39,1749
2026-06-07,40,1378
2026-06-07,44,5260
2026-06-07,45,5074
2026-06-07,46,5025
2026-06-07,47,4924
2026-06-07,48,4389
2026-06-07,49,3872
2026-06-07,50,3337
2026-06-07,51,1961
2026-06-08,2,1899
2026-06-08,3,3161
2026-06-08,6,1689
2026-06-08,7,1942
2026-06-08,8,2777
2026-06-08,9,2189
2026-06-08,11,2440
2026-06-08,20,1605
2026-06-08,24,2152
2026-06-08,27,1551
2026-06-08,39,1305
2026-06-08,40,1547
2026-06-08,44,4094
2026-06-08,45,3745
2026-06-08,46,3299
2026-06-08,47,3661
2026-06-08,48,2691
2026-06-08,49,2960
2026-06-08,50,2418
2026-06-08,51,1499
2026-06-09,2,1763
2026-06-09,3,2808
2026-06-09,6,1638
2026-06-09,7,1792
2026-06-09,8,2521
2026-06-09,9,2039
2026-06-09,11,2394
2026-06-09,20,1421
2026-06-09,24,2138
2026-06-09,27,1456
2026-06-09,39,1498
2026-06-09,40,1519
2026-06-09,44,3885
2026-06-09,45,3368
2026-06-09,46,2973
2026-06-09,47,3456
2026-06-09,48,2537
2026-06-09,49,2641
2026-06-09,50,2298
2026-06-09,51,1385
2026-06-10,2,1880
2026-06-10,3,3103
2026-06-10,6,1651
2026-06-10,7,2048
2026-06-10,8,2806
2026-06-10,9,1869
2026-06-10,11,2298
2026-06-10,20,1378
2026-06-10,24,2175
2026-06-10,27,1584
2026-06-10,39,1280
2026-06-10,40,1326
2026-06-10,44,4516
2026-06-10,45,3608
2026-06-10,46,3151
2026-06-10,47,3692
2026-06-10,48,2548
2026-06-10,49,2979
2026-06-10,50,2292
2026-06-10,51,1629
2026-06-11,2,1688
2026-06-11,3,2706
2026-06-11,6,1541
2026-06-11,7,1749
2026-06-11,8,2509
2026-06-11,9,1835
2026-06-11,11,2039
2026-06-11,20,1285
2026-06-11,24,2060
2026-06-11,27,1401
2026-06-11,39,1336
2026-06-11,40,1288
2026-06-11,44,3740
2026-06-11,45,3092
2026-06-11,46,2850
2026-06-11,47,3123
2026-06-11,48,2244
2026-06-11,49,2783
2026-06-11,50,2082
2026-06-11,51,1431
2026-06-12,2,1888
2026-06-12,3,3280
2026-06-12,6,1750
2026-06-12,7,2127
2026-06-12,8,2813
2026-06-12,9,1825
2026-06-12,11,2260
2026-06-12,20,1283
2026-06-12,24,2294
2026-06-12,27,1526
2026-06-12,39,1380
2026-06-12,40,1344
2026-06-12,44,4612
2026-06-12,45,3951
2026-06-12,46,3226
2026-06-12,47,3786
2026-06-12,48,2578
2026-06-12,49,3235
2026-06-12,50,2405
2026-06-12,51,1739
2026-06-13,2,1967
2026-06-13,3,3517
2026-06-13,6,1985
2026-06-13,7,1901
2026-06-13,8,2899
2026-06-13,9,2142
2026-06-13,11,2560
2026-06-13,20,1686
2026-06-13,24,2164
2026-06-13,27,1851
2026-06-13,39,1797
2026-06-13,40,1424
2026-06-13,44,5252
2026-06-13,45,4481
2026-06-13,46,4457
2026-06-13,47,4469
2026-06-13,48,3523
2026-06-13,49,3455
2026-06-13,50,3364
2026-06-13,51,1871
2026-06-14,2,2134
2026-06-14,3,3701
2026-06-14,6,2169
2026-06-14,7,1681
2026-06-14,8,2791
2026-06-14,9,2163
2026-06-14,11,2480
2026-06-14,20,2144
2026-06-14,24,1732
2026-06-14,27,1965
2026-06-14,39,1563
2026-06-14,40,1278
2026-06-14,44,5472
2026-06-14,45,4827
2026-06-14,46,4649
2026-06-14,47,4494
2026-06-14,48,4032
2026-06-14,49,3550
2026-06-14,50,3216
2026-06-14,51,1918
2026-06-15,2,1660
2026-06-15,3,2738
2026-06-15,6,1485
2026-06-15,7,1783
2026-06-15,8,2543
2026-06-15,9,1855
2026-06-15,11,2058
2026-06-15,20,1215
2026-06-15,24,2020
2026-06-15,27,1529
2026-06-15,39,1296
2026-06-15,40,1462
2026-06-15,44,3755
2026-06-15,45,3372
2026-06-15,46,2867
2026-06-15,47,3356
2026-06-15,48,2393
2026-06-15,49,2754
2026-06-15,50,2172
2026-06-15,51,1494
2026-06-16,2,1728
2026-06-16,3,2756
2026-06-16,6,1554
2026-06-16,7,1833
2026-06-16,8,2580
2026-06-16,9,1895
2026-06-16,11,2142
2026-06-16,20,1439
2026-06-16,24,1905
2026-06-16,27,1422
2026-06-16,39,1401
2026-06-16,40,1489
2026-06-16,44,3789
2026-06-16,45,3280
2026-06-16,46,2816
2026-06-16,47,3109
2026-06-16,48,2245
2026-06-16,49,2609
2026-06-16,50,2483
2026-06-16,51,1428
2026-06-17,2,1841
2026-06-17,3,3076
2026-06-17,6,1762
2026-06-17,7,1987
2026-06-17,8,2755
2026-06-17,9,1724
2026-06-17,11,2115
2026-06-17,20,1313
2026-06-17,24,2174
2026-06-17,27,1560
2026-06-17,39,1239
2026-06-17,40,1311
2026-06-17,44,4170
2026-06-17,45,3493
2026-06-17,46,2935
2026-06-17,47,3474
2026-06-17,48,2196
2026-06-17,49,3028
2026-06-17,50,2269
2026-06-17,51,1643
2026-06-18,2,1648
2026-06-18,3,2829
2026-06-18,6,1534
2026-06-18,7,1828
2026-06-18,8,2616
2026-06-18,9,1872
2026-06-18,11,2162
2026-06-18,20,1448
2026-06-18,24,2197
2026-06-18,27,1448
2026-06-18,39,1290
2026-06-18,40,1295
2026-06-18,44,3922
2026-06-18,45,3358
2026-06-18,46,3057
2026-06-18,47,3382
2026-06-18,48,2448
2026-06-18,49,2866
2026-06-18,50,2295
2026-06-18,51,1509
2026-06-19,2,2071
2026-06-19,3,3476
2026-06-19,6,1864
2026-06-19,7,2161
2026-06-19,8,3133
2026-06-19,9,1908
2026-06-19,11,2040
2026-06-19,20,1379
2026-06-19,24,2488
2026-06-19,27,1599
2026-06-19,39,1354
2026-06-19,40,1309
2026-06-19,44,5033
2026-06-19,45,4374
2026-06-19,46,3455
2026-06-19,47,4195
2026-06-19,48,2803
2026-06-19,49,3766
2026-06-19,50,2721
2026-06-19,51,2036
2026-06-20,2,2276
2026-06-20,3,4234
2026-06-20,6,2389
2026-06-20,7,2218
2026-06-20,8,3185
2026-06-20,9,2382
2026-06-20,11,2659
2026-06-20,20,1972
2026-06-20,24,2561
2026-06-20,27,1963
2026-06-20,39,1873
2026-06-20,40,1585
2026-06-20,44,5867
2026-06-20,45,5247
2026-06-20,46,4855
2026-06-20,47,5246
2026-06-20,48,3970
2026-06-20,49,4459
2026-06-20,50,3806
2026-06-20,51,2371
2026-06-21,2,2059
2026-06-21,3,3427
2026-06-21,6,2187
2026-06-21,7,1794
2026-06-21,8,2587
2026-06-21,9,2141
2026-06-21,11,2671
2026-06-21,20,1935
2026-06-21,24,1743
2026-06-21,27,1958
2026-06-21,39,1606
2026-06-21,40,1229
2026-06-21,44,4771
2026-06-21,45,4398
2026-06-21,46,4391
2026-06-21,47,4356
2026-06-21,48,3763
2026-06-21,49,3365
2026-06-21,50,3203
2026-06-21,51,1855
2026-06-22,2,1755
2026-06-22,3,2850
2026-06-22,6,1621
2026-06-22,7,1805
2026-06-22,8,2717
2026-06-22,9,1943
2026-06-22,11,2206
2026-06-22,20,1336
2026-06-22,24,2139
2026-06-22,27,1558
2026-06-22,39,1274
2026-06-22,40,1558
2026-06-22,44,3942
2026-06-22,45,3339
2026-06-22,46,3010
2026-06-22,47,3344
2026-06-22,48,2492
2026-06-22,49,2728
2026-06-22,50,2249
2026-06-22,51,1509
2026-06-23,2,1714
2026-06-23,3,2801
2026-06-23,6,1547
2026-06-23,7,1730
2026-06-23,8,2604
2026-06-23,9,1948
2026-06-23,11,2236
2026-06-23,20,1355
2026-06-23,24,2213
2026-06-23,27,1533
2026-06-23,39,1339
2026-06-23,40,1485
2026-06-23,44,3807
2026-06-23,45,3456
2026-06-23,46,3080
2026-06-23,47,3448
2026-06-23,48,2275
2026-06-23,49,2732
2026-06-23,50,2169
2026-06-23,51,1503
2026-06-24,2,1877
2026-06-24,3,3106
2026-06-24,6,1733
2026-06-24,7,1967
2026-06-24,8,2733
2026-06-24,9,1754
2026-06-24,11,2077
2026-06-24,20,1325
2026-06-24,24,2230
2026-06-24,27,1563
2026-06-24,39,1288
2026-06-24,40,1307
2026-06-24,44,4099
2026-06-24,45,3345
2026-06-24,46,3004
2026-06-24,47,3344
2026-06-24,48,2311
2026-06-24,49,2861
2026-06-24,50,2221
2026-06-24,51,1668
2026-06-25,2,1683
2026-06-25,3,2695
2026-06-25,6,1609
2026-06-25,7,1821
2026-06-25,8,2467
2026-06-25,9,1811
2026-06-25,11,1927
2026-06-25,20,1363
2026-06-25,24,2004
2026-06-25,27,1371
2026-06-25,39,1252
2026-06-25,40,1273
2026-06-25,44,3706
2026-06-25,45,3022
2026-06-25,46,2701
2026-06-25,47,3092
2026-06-25,48,2186
2026-06-25,49,2706
2026-06-25,50,2084
2026-06-25,51,1368
2026-06-26,2,1920
2026-06-26,3,3306
2026-06-26,6,1713
2026-06-26,7,2113
2026-06-26,8,2854
2026-06-26,9,1773
2026-06-26,11,2112
2026-06-26,20,1342
2026-06-26,24,2284
2026-06-26,27,1480
2026-06-26,39,1184
2026-06-26,40,1229
2026-06-26,44,4465
2026-06-26,45,3985
2026-06-26,46,3134
2026-06-26,47,3663
2026-06-26,48,2545
2026-06-26,49,3263
2026-06-26,50,2451
2026-06-26,51,1813
2026-06-27,2,2196
2026-06-27,3,3501
2026-06-27,6,2134
2026-06-27,7,1914
2026-06-27,8,2799
2026-06-27,9,2116
2026-06-27,11,2263
2026-06-27,20,1764
2026-06-27,24,2230
2026-06-27,27,1718
2026-06-27,39,1687
2026-06-27,40,1401
2026-06-27,44,5061
2026-06-27,45,4508
2026-06-27,46,4270
2026-06-27,47,4504
2026-06-27,48,3434
2026-06-27,49,3456
2026-06-27,50,3094
2026-06-27,51,1890
2026-06-28,2,2038
2026-06-28,3,3595
2026-06-28,6,2225
2026-06-28,7,1590
2026-06-28,8,2665
2026-06-28,9,2054
2026-06-28,11,2365
2026-06-28,20,1993
2026-06-28,24,1723
2026-06-28,27,1966
2026-06-28,39,1471
2026-06-28,40,1136
2026-06-28,44,4960
2026-06-28,45,4470
2026-06-28,46,4415
2026-06-28,47,4383
2026-06-28,48,3737
2026-06-28,49,3483
2026-06-28,50,2973
2026-06-28,51,1846
2026-06-29,2,1835
2026-06-29,3,2846
2026-06-29,6,1650
2026-06-29,7,1879
2026-06-29,8,2503
2026-06-29,9,1800
2026-06-29,11,2065
2026-06-29,20,1226
2026-06-29,24,2024
2026-06-29,27,1524
2026-06-29,39,1298
2026-06-29,40,1201
2026-06-29,44,3926
2026-06-29,45,3205
2026-06-29,46,2841
2026-06-29,47,3320
2026-06-29,48,2366
2026-06-29,49,2686
2026-06-29,50,2161
2026-06-29,51,1479
2026-06-30,2,1627
2026-06-30,3,2792
2026-06-30,6,1592
2026-06-30,7,1740
2026-06-30,8,2540
2026-06-30,9,1730
2026-06-30,11,2171
2026-06-30,20,1242
2026-06-30,24,2007
2026-06-30,27,1387
2026-06-30,39,1350
2026-06-30,40,1423
2026-06-30,44,3828
2026-06-30,45,3115
2026-06-30,46,2583
2026-06-30,47,3063
2026-06-30,48,2198
2026-06-30,49,2532
2026-06-30,50,2176
2026-06-30,51,1404
2026-07-01,2,1813
2026-07-01,3,2957
2026-07-01,6,1599
2026-07-01,7,1938
2026-07-01,8,2584
2026-07-01,9,1634
2026-07-01,11,1935
2026-07-01,20,1259
2026-07-01,24,2139
2026-07-01,27,1594
2026-07-01,39,1196
2026-07-01,40,1249
2026-07-01,44,4139
2026-07-01,45,3269
2026-07-01,46,2831
2026-07-01,47,3459
2026-07-01,48,2197
2026-07-01,49,2964
2026-07-01,50,2172
2026-07-01,51,1578
2026-07-02,2,1699
2026-07-02,3,2701
2026-07-02,6,1537
2026-07-02,7,1833
2026-07-02,8,2398
2026-07-02,9,1723
2026-07-02,11,1900
2026-07-02,20,1333
2026-07-02,24,2094
2026-07-02,27,1361
2026-07-02,39,1218
2026-07-02,40,1251
2026-07-02,44,3778
2026-07-02,45,3048
2026-07-02,46,2652
2026-07-02,47,3259
2026-07-02,48,2161
2026-07-02,49,2704
2026-07-02,50,2162
2026-07-02,51,1392
2026-07-03,2,1893
2026-07-03,3,3269
2026-07-03,6,1729
2026-07-03,7,2023
2026-07-03,8,2856
2026-07-03,9,1837
2026-07-03,11,2085
2026-07-03,20,1390
2026-07-03,24,2370
2026-07-03,27,1541
2026-07-03,39,1364
2026-07-03,40,1256
2026-07-03,44,4612
2026-07-03,45,4137
2026-07-03,46,3380
2026-07-03,47,3930
2026-07-03,48,2636
2026-07-03,49,3294
2026-07-03,50,2538
2026-07-03,51,1813
2026-07-04,2,2145
2026-07-04,3,3851
2026-07-04,6,2248
2026-07-04,7,1908
2026-07-04,8,3048
2026-07-04,9,2406
2026-07-04,11,2793
2026-07-04,20,2009
2026-07-04,24,2351
2026-07-04,27,1907
2026-07-04,39,1780
2026-07-04,40,1590
2026-07-04,44,5552
2026-07-04,45,4941
2026-07-04,46,4973
2026-07-04,47,4903
2026-07-04,48,4033
2026-07-04,49,3661
2026-07-04,50,3582
2026-07-04,51,1919
2026-07-05,2,2103
2026-07-05,3,3696
2026-07-05,6,2150
2026-07-05,7,1637
2026-07-05,8,2927
2026-07-05,9,2352
2026-07-05,11,2545
2026-07-05,20,2229
2026-07-05,24,1879
2026-07-05,27,2018
2026-07-05,39,1666
2026-07-05,40,1370
2026-07-05,44,5664
2026-07-05,45,5007
2026-07-05,46,4940
2026-07-05,47,5021
2026-07-05,48,4364
2026-07-05,49,3710
2026-07-05,50,3394
2026-07-05,51,1983
2026-07-06,2,1956
2026-07-06,3,3192
2026-07-06,6,1801
2026-07-06,7,1883
2026-07-06,8,2871
2026-07-06,9,2224
2026-07-06,11,2616
2026-07-06,20,1567
2026-07-06,24,2212
2026-07-06,27,1571
2026-07-06,39,1367
2026-07-06,40,1549
2026-07-06,44,4275
2026-07-06,45,3891
2026-07-06,46,3451
2026-07-06,47,3791
2026-07-06,48,2863
2026-07-06,49,3180
2026-07-06,50,2547
2026-07-06,51,1655
2026-07-07,2,1841
2026-07-07,3,2971
2026-07-07,6,1749
2026-07-07,7,1846
2026-07-07,8,2707
2026-07-07,9,2202
2026-07-07,11,2773
2026-07-07,20,1585
2026-07-07,24,2148
2026-07-07,27,1443
2026-07-07,39,1480
2026-07-07,40,1558
2026-07-07,44,3962
2026-07-07,45,3742
2026-07-07,46,3230
2026-07-07,47,3707
2026-07-07,48,2647
2026-07-07,49,2956
2026-07-07,50,2585
2026-07-07,51,1542
2026-07-08,2,1906
2026-07-08,3,3285
2026-07-08,6,1626
2026-07-08,7,1829
2026-07-08,8,2896
2026-07-08,9,1972
2026-07-08,11,2499
2026-07-08,20,1512
2026-07-08,24,2279
2026-07-08,27,1622
2026-07-08,39,1308
2026-07-08,40,1357
2026-07-08,44,4419
2026-07-08,45,3636
2026-07-08,46,3470
2026-07-08,47,4028
2026-07-08,48,2854
2026-07-08,49,3133
2026-07-08,50,2580
2026-07-08,51,1739
2026-07-09,2,1792
2026-07-09,3,2897
2026-07-09,6,1620
2026-07-09,7,1880
2026-07-09,8,2671
2026-07-09,9,1945
2026-07-09,11,2457
2026-07-09,20,1444
2026-07-09,24,2075
2026-07-09,27,1454
2026-07-09,39,1402
2026-07-09,40,1278
2026-07-09,44,3795
2026-07-09,45,3336
2026-07-09,46,3013
2026-07-09,47,3433
2026-07-09,48,2511
2026-07-09,49,2715
2026-07-09,50,2439
2026-07-09,51,1458
